FILENAME,WORDTYPES,SWORDTYPES,LEXTYPES,SLEXTYPES,WORDTOKENS,SWORDTOKENS,LEXTOKENS,SLEXTOKENS,LD,LS1,LS2,VS1,VS2,CVS1,NDW,NDWZ,NDWERZ,NDWESZ,TTR,MSTTR,CTTR,RTTR,LOGTTR,UBER,LV,VV1,SVV1,CVV1,VV2,NV,ADJV,ADVV,MODV
1000SCN,124,29,85,27,264,36,125,34,0.47,0.27,0.23,0.06,0.11,0.24,124,32,37.1,33.5,0.47,0.7,5.4,7.63,0.86,17.87,0.63,13.83,2.63,0.68,0.18,0.69,0.1,0.14,0.23
1001SCN,362,83,285,80,1119,118,569,111,0.51,0.2,0.23,0.04,0.26,0.36,362,34,41.2,35.5,0.32,0.73,7.65,10.82,0.84,18.97,0.46,29.96,3.87,0.5,0.11,0.57,0.08,0.09,0.17
1002SCN,155,29,104,29,340,37,150,37,0.44,0.25,0.19,0.05,0.1,0.22,155,43,39,37.8,0.46,0.78,5.94,8.41,0.87,18.78,0.62,16.1,2.84,0.69,0.17,0.74,0.11,0.14,0.25
1003SCN,85,13,54,13,161,23,82,23,0.51,0.28,0.15,0.11,0.21,0.32,85,41,38.6,35.4,0.53,0.72,4.74,6.7,0.87,17.56,0.74,10.32,2.27,0.66,0.17,0.59,0.09,0.13,0.22
1004SCN,209,45,158,45,685,80,318,78,0.46,0.25,0.22,0.07,0.42,0.46,209,34,37.2,34,0.31,0.71,5.65,7.99,0.82,15.6,0.49,20.75,3.22,0.5,0.13,0.46,0.1,0.13,0.23
1006SCN,150,32,106,30,340,46,170,44,0.5,0.26,0.21,0.1,0.4,0.45,150,40,38.9,38.6,0.44,0.77,5.75,8.13,0.86,18.03,0.62,15.62,2.8,0.62,0.15,0.63,0.1,0.15,0.25
1009SCN,199,39,138,35,474,59,240,53,0.51,0.22,0.2,0.08,0.42,0.46,199,40,39.9,38.2,0.42,0.76,6.46,9.14,0.86,19,0.56,18.46,3.04,0.57,0.14,0.63,0.1,0.09,0.19
1010SCN,142,32,97,32,272,35,117,35,0.43,0.3,0.23,0.1,0.3,0.39,142,34,39.3,39.1,0.52,0.74,6.09,8.61,0.88,21,0.7,14.7,2.71,0.83,0.18,0.88,0.1,0.17,0.27
1011SCN,93,13,62,13,153,14,74,14,0.48,0.19,0.14,0,0,0,93,36,39.1,38.1,0.61,0.74,5.32,7.52,0.9,22.08,0.73,13.88,2.63,0.84,0.26,0.88,0.11,0.09,0.2
1012SCN,141,28,101,28,344,34,168,34,0.49,0.2,0.2,0.04,0.09,0.21,141,38,38.3,35.3,0.41,0.73,5.38,7.6,0.85,16.61,0.47,9.8,2.21,0.6,0.12,0.71,0.09,0.15,0.24
1013SCN,152,25,105,25,320,36,161,35,0.5,0.22,0.16,0.04,0.04,0.14,152,39,41.4,37.7,0.47,0.77,6.01,8.5,0.87,19.41,0.84,17.64,2.97,0.65,0.13,0.74,0.11,0.2,0.31
1014SCN,84,14,49,14,150,15,57,14,0.38,0.25,0.17,0,0,0,84,39,38.4,34.2,0.56,0.74,4.85,6.86,0.88,18.81,0.67,4,1.41,0.86,0.11,0.84,0.09,0.19,0.28
1015SCN,156,32,103,32,312,41,140,41,0.45,0.29,0.21,0.15,0.74,0.61,156,39,39.9,38.6,0.5,0.77,6.24,8.83,0.88,20.67,0.65,14.24,2.67,0.74,0.16,0.79,0.11,0.14,0.25
1017SCN,65,9,37,9,106,12,43,12,0.41,0.28,0.14,0,0,0,65,36,36.5,36.5,0.61,0.73,4.46,6.31,0.9,19.31,0.93,12.07,2.46,0.86,0.3,0.81,0.05,0.12,0.16
1018SCN,155,36,112,36,341,42,151,41,0.44,0.27,0.23,0.03,0.03,0.13,155,33,38.1,35.4,0.45,0.7,5.94,8.39,0.86,18.73,0.71,15.61,2.79,0.74,0.15,0.81,0.11,0.1,0.21
1020SCN,99,13,61,13,207,16,85,16,0.41,0.19,0.13,0.09,0.09,0.21,99,35,37.1,36,0.48,0.71,4.87,6.88,0.86,16.74,0.82,7.36,1.92,0.72,0.11,0.66,0.15,0.12,0.27
1021SCN,112,16,76,16,275,18,133,18,0.48,0.14,0.14,0,0,0,112,32,36,35.3,0.41,0.73,4.78,6.75,0.84,15.25,0.6,10.8,2.32,0.57,0.14,0.63,0.1,0.14,0.23
1022SCN,135,34,87,32,278,42,122,40,0.44,0.33,0.25,0.1,0.2,0.32,135,36,40.3,38.5,0.49,0.76,5.73,8.1,0.87,19.04,0.6,7.2,1.9,0.71,0.1,0.77,0.12,0.11,0.23
1023SCN,82,12,53,12,148,17,79,17,0.53,0.22,0.15,0.03,0.03,0.13,82,33,39,34.3,0.55,0.66,4.77,6.74,0.88,18.37,0.72,15.21,2.76,0.67,0.27,0.65,0.03,0.13,0.15
1024SCN,102,21,70,20,181,25,95,24,0.52,0.25,0.21,0.12,0.35,0.42,102,42,39.6,35.8,0.56,0.8,5.36,7.58,0.89,20.46,0.62,9.85,2.22,0.74,0.17,0.79,0.05,0.13,0.18
1025SCN,139,24,98,23,278,28,125,27,0.45,0.22,0.17,0,0,0,139,37,38.8,36.8,0.5,0.75,5.89,8.34,0.88,19.84,0.74,17.06,2.92,0.78,0.18,0.77,0.1,0.16,0.26
1027SCN,98,17,65,17,169,17,80,17,0.47,0.21,0.17,0,0,0,98,36,37.4,36.8,0.58,0.75,5.33,7.54,0.89,20.97,0.61,6.72,1.83,0.81,0.14,0.81,0.1,0.15,0.25
1028SCN,225,50,169,48,668,65,311,63,0.47,0.2,0.22,0.09,0.68,0.58,225,39,37.7,34.3,0.34,0.7,6.16,8.71,0.83,16.88,0.45,18.77,3.06,0.54,0.14,0.6,0.1,0.13,0.22
1029SCN,185,41,130,41,428,56,199,56,0.46,0.28,0.22,0.05,0.1,0.22,185,35,41.8,36.8,0.43,0.74,6.32,8.94,0.86,19.01,0.78,24.98,3.53,0.65,0.16,0.64,0.12,0.11,0.23
1030SCN,120,28,75,27,228,32,96,31,0.42,0.32,0.23,0.06,0.06,0.17,120,40,39.6,38.2,0.53,0.77,5.62,7.95,0.88,19.95,0.71,8.47,2.06,0.78,0.12,0.76,0.07,0.11,0.19
1031SCN,144,32,98,32,342,44,150,44,0.44,0.29,0.22,0.11,0.42,0.46,144,39,36.2,32.8,0.42,0.68,5.51,7.79,0.85,17.09,0.68,17.79,2.98,0.65,0.17,0.7,0.09,0.09,0.18
1032SCN,86,9,57,9,154,11,79,11,0.51,0.14,0.1,0.05,0.05,0.16,86,36,37.3,37.2,0.56,0.74,4.9,6.93,0.88,18.91,0.65,8.45,2.06,0.72,0.16,0.7,0.13,0.18,0.3
1033SCN,60,6,42,6,123,8,57,8,0.46,0.14,0.1,0.27,0.82,0.64,60,34,34.9,29.9,0.49,0.64,3.83,5.41,0.85,14.01,0.82,7.36,1.92,0.74,0.16,0.55,0.05,0.33,0.39
1034SCN,190,37,138,35,501,56,215,54,0.43,0.25,0.19,0.11,0.63,0.56,190,34,39.9,37.4,0.38,0.71,6,8.49,0.84,17.31,0.68,26.68,3.65,0.64,0.18,0.61,0.09,0.09,0.18
1035SCN,206,41,146,41,686,56,318,56,0.46,0.18,0.2,0.05,0.21,0.33,206,38,38.5,32.8,0.3,0.73,5.56,7.87,0.82,15.4,0.41,12.81,2.53,0.46,0.1,0.54,0.09,0.09,0.18
1036SCN,237,46,172,42,600,62,268,55,0.45,0.21,0.19,0.01,0.01,0.08,237,34,40.2,36.3,0.4,0.72,6.84,9.68,0.85,19.13,0.57,22.86,3.38,0.64,0.15,0.71,0.13,0.13,0.26
1037SCN,105,20,67,20,223,26,114,26,0.51,0.23,0.19,0.07,0.07,0.19,105,37,37.4,34,0.47,0.71,4.97,7.03,0.86,16.86,0.71,7.14,1.89,0.59,0.09,0.62,0.11,0.09,0.2
1038SCN,72,25,48,25,125,30,57,28,0.46,0.49,0.35,0.11,0.11,0.24,72,36,36.4,34.7,0.58,0.69,4.55,6.44,0.89,18.35,0.89,7.11,1.89,0.84,0.14,0.84,0.18,0.11,0.28
1039SCN,60,13,42,13,96,16,55,16,0.57,0.29,0.22,0,0,0,60,36,38.2,35.8,0.62,0.72,4.33,6.12,0.9,19.25,0.6,3.6,1.34,0.76,0.11,0.92,0.2,0.09,0.29
1040SCN,123,32,82,31,240,34,108,33,0.45,0.31,0.26,0.04,0.04,0.14,123,40,38.1,37.2,0.51,0.74,5.61,7.94,0.88,19.52,0.76,14.44,2.69,0.76,0.18,0.79,0.1,0.19,0.3
1042SCN,114,23,74,22,246,27,118,25,0.48,0.21,0.2,0.1,0.19,0.31,114,37,36.1,33.4,0.46,0.65,5.14,7.27,0.86,17.11,0.76,12.19,2.47,0.63,0.14,0.69,0.09,0.12,0.21
1043SCN,179,37,128,37,311,41,150,41,0.48,0.27,0.21,0,0,0,179,38,41.1,39.1,0.58,0.8,7.18,10.15,0.9,25.9,0.84,26.95,3.67,0.85,0.21,0.83,0.11,0.19,0.3
1044SCN,125,32,90,30,241,40,118,38,0.49,0.32,0.26,0.06,0.11,0.24,125,34,38.1,36.9,0.52,0.76,5.69,8.05,0.88,19.9,0.69,17.36,2.95,0.76,0.21,0.81,0.08,0.09,0.17
1046SCN,291,71,222,69,914,94,404,89,0.44,0.22,0.24,0.07,0.48,0.49,291,35,38.5,34.8,0.32,0.7,6.81,9.63,0.83,17.64,0.56,32.66,4.04,0.55,0.14,0.58,0.11,0.11,0.22
1047SCN,141,21,91,20,315,34,133,30,0.42,0.23,0.15,0.07,0.23,0.34,141,33,37,35.9,0.45,0.69,5.62,7.94,0.86,17.88,0.75,22.5,3.35,0.68,0.23,0.71,0.05,0.15,0.2
1048SCN,125,43,90,43,223,53,114,51,0.51,0.45,0.34,0.35,2.45,1.11,125,40,38.9,38.3,0.56,0.77,5.92,8.37,0.89,21.94,0.85,14.45,2.69,0.79,0.15,0.81,0.11,0.09,0.2
1050SCN,86,18,56,18,157,22,79,22,0.5,0.28,0.21,0,0,0,86,40,37,36.1,0.55,0.75,4.85,6.86,0.88,18.45,0.76,9.94,2.23,0.71,0.16,0.83,0.1,0.16,0.27
1054SCN,147,24,94,24,312,33,134,33,0.43,0.25,0.16,0,0,0,147,38,38.9,36.3,0.47,0.74,5.88,8.32,0.87,19.03,0.6,14.88,2.73,0.7,0.19,0.72,0.07,0.16,0.23
1060SCN,153,34,107,34,456,64,194,63,0.43,0.32,0.22,0.11,0.65,0.57,153,36,37,34,0.34,0.69,5.07,7.16,0.82,14.91,0.53,15.29,2.77,0.55,0.15,0.59,0.09,0.09,0.18
1064SCN,237,56,176,54,536,69,248,67,0.46,0.27,0.24,0.06,0.23,0.34,237,38,39.9,36.2,0.44,0.77,7.24,10.24,0.87,21.02,0.6,25.2,3.55,0.71,0.17,0.73,0.12,0.11,0.23
1070SCN,221,58,169,58,572,83,264,75,0.46,0.28,0.26,0.04,0.13,0.26,221,33,38.3,37.8,0.39,0.71,6.53,9.24,0.85,18.41,0.49,16.01,2.83,0.64,0.12,0.73,0.1,0.09,0.19
1072SCN,203,37,153,37,393,42,205,42,0.52,0.2,0.18,0.05,0.09,0.21,203,37,42.8,41.2,0.52,0.81,7.24,10.24,0.89,23.46,0.84,31.11,3.94,0.75,0.18,0.79,0.11,0.17,0.27
1073SCN,208,43,153,43,411,54,203,50,0.49,0.25,0.21,0.04,0.07,0.19,208,36,43.5,40,0.51,0.78,7.25,10.26,0.89,23.1,0.7,27.16,3.69,0.75,0.19,0.8,0.12,0.13,0.25
1085SCN,171,30,120,30,317,35,156,33,0.49,0.21,0.18,0.03,0.03,0.11,171,34,41.8,39,0.54,0.8,6.79,9.6,0.89,23.34,0.79,24.64,3.51,0.77,0.2,0.84,0.14,0.14,0.28
1088SCN,71,19,43,19,148,27,67,26,0.45,0.39,0.27,0.13,0.27,0.37,71,35,34.4,33.9,0.48,0.66,4.13,5.84,0.85,14.76,0.6,5.4,1.64,0.64,0.13,0.81,0.06,0.15,0.21
1089SCN,327,92,253,89,1192,123,551,120,0.46,0.22,0.28,0.08,0.8,0.63,327,36,35.8,34,0.27,0.7,6.7,9.47,0.82,16.85,0.4,20,3.16,0.46,0.09,0.57,0.09,0.08,0.17
1090SCN,113,21,72,21,223,29,103,29,0.46,0.28,0.19,0.03,0.03,0.12,113,40,36.5,34.9,0.51,0.69,5.35,7.57,0.87,18.68,0.59,11.28,2.38,0.7,0.18,0.76,0.08,0.17,0.25
1091SCN,191,36,135,36,399,40,196,40,0.49,0.2,0.19,0.06,0.19,0.31,191,33,39.4,39,0.48,0.76,6.76,9.56,0.88,21.14,0.6,17.52,2.96,0.69,0.15,0.84,0.11,0.18,0.29
1092SCN,146,26,94,26,343,33,145,33,0.42,0.23,0.18,0,0,0,146,40,38.3,35.8,0.43,0.73,5.57,7.88,0.85,17.33,0.63,13.83,2.63,0.65,0.15,0.73,0.06,0.13,0.19
1093SCN,297,72,230,71,832,114,415,112,0.5,0.27,0.24,0.08,0.6,0.55,297,38,40.3,37.4,0.36,0.74,7.28,10.3,0.85,19.06,0.54,30.65,3.91,0.55,0.14,0.61,0.09,0.12,0.21
1094SCN,120,29,76,29,253,36,101,36,0.4,0.36,0.24,0.13,0.39,0.44,120,35,37.1,35.9,0.47,0.73,5.33,7.54,0.87,17.83,0.83,15.7,2.8,0.75,0.19,0.76,0.09,0.08,0.17
1095SCN,196,43,142,42,384,51,199,50,0.52,0.25,0.22,0.04,0.09,0.21,196,38,41.1,39.8,0.51,0.8,7.07,10,0.89,22.87,0.63,18.28,3.02,0.71,0.15,0.81,0.13,0.16,0.29
1096SCN,55,10,36,10,113,15,52,15,0.46,0.29,0.18,0,0,0,55,29,31.7,31.3,0.49,0.63,3.66,5.17,0.85,13.48,0.8,6.4,1.79,0.69,0.15,0.72,0.02,0.1,0.12
1097SCN,329,87,261,85,1071,118,461,113,0.43,0.25,0.26,0.09,1.04,0.72,329,33,36.4,34.8,0.31,0.7,7.11,10.05,0.83,17.91,0.38,20.36,3.19,0.57,0.11,0.71,0.1,0.08,0.18
1099SCN,153,46,110,44,415,64,193,62,0.47,0.32,0.3,0.05,0.16,0.28,153,37,34.5,32.2,0.37,0.61,5.31,7.51,0.83,15.82,0.51,14.75,2.72,0.57,0.15,0.62,0.05,0.06,0.11
1100SCN,123,26,77,25,292,32,126,30,0.43,0.24,0.21,0.12,0.6,0.55,123,30,36,37.1,0.42,0.7,5.09,7.2,0.85,16.19,0.52,11.52,2.4,0.61,0.17,0.67,0.03,0.1,0.13
1101SCN,116,25,77,24,231,38,109,37,0.47,0.34,0.22,0.07,0.14,0.27,116,41,38.4,37.3,0.5,0.77,5.4,7.63,0.87,18.67,0.75,15.75,2.81,0.71,0.19,0.76,0.07,0.12,0.19
1102SCN,106,22,62,22,163,25,70,25,0.43,0.36,0.21,0.2,0.6,0.55,106,36,40.8,38.2,0.65,0.79,5.87,8.3,0.92,26.19,0.93,13.07,2.56,0.89,0.2,0.84,0.16,0.14,0.3
1103SCN,221,50,169,50,477,65,236,62,0.49,0.26,0.23,0.04,0.07,0.19,221,38,39.7,39,0.46,0.75,7.16,10.12,0.88,21.47,0.66,24.45,3.5,0.72,0.16,0.8,0.12,0.13,0.25
1104SCN,91,22,61,22,168,27,81,27,0.48,0.33,0.24,0,0,0,91,35,38.1,35.6,0.54,0.7,4.96,7.02,0.88,18.6,0.76,9.94,2.23,0.75,0.16,0.78,0.02,0.16,0.19
1105SCN,337,83,260,80,1264,121,615,117,0.49,0.19,0.25,0.06,0.55,0.52,337,30,40.2,36,0.27,0.7,6.7,9.48,0.81,16.76,0.35,17.69,2.97,0.42,0.08,0.53,0.07,0.08,0.15
1106SCN,241,51,175,49,652,73,301,71,0.46,0.24,0.21,0.06,0.29,0.38,241,34,39.8,39,0.37,0.74,6.67,9.44,0.85,18.32,0.47,18.6,3.05,0.58,0.13,0.68,0.08,0.13,0.21
1107SCN,94,20,57,19,204,32,92,30,0.45,0.33,0.21,0.03,0.03,0.13,94,34,37,36.8,0.46,0.68,4.65,6.58,0.85,15.85,0.48,6.76,1.84,0.62,0.15,0.66,0.05,0.17,0.23
1108SCN,255,53,194,52,887,62,387,61,0.44,0.16,0.21,0.03,0.09,0.21,255,31,37.3,33.3,0.29,0.66,6.05,8.56,0.82,16.05,0.48,23.27,3.41,0.5,0.12,0.58,0.09,0.1,0.19
1109SCN,229,47,169,46,456,61,228,56,0.5,0.25,0.21,0.1,0.48,0.49,229,39,41.9,37.9,0.5,0.78,7.58,10.72,0.89,23.64,0.81,33.92,4.12,0.74,0.18,0.74,0.13,0.17,0.3
1110SCN,231,50,175,49,808,70,340,68,0.42,0.2,0.22,0.01,0.01,0.08,231,33,37.6,32.1,0.29,0.66,5.75,8.13,0.81,15.54,0.46,17.4,2.95,0.51,0.11,0.66,0.07,0.09,0.16
1111SCN,209,50,158,50,444,58,216,58,0.49,0.27,0.24,0.04,0.08,0.2,209,40,40,36.6,0.47,0.75,7.01,9.92,0.88,21.42,0.6,18.48,3.04,0.73,0.14,0.8,0.1,0.13,0.23
1113SCN,280,80,214,80,754,113,345,113,0.46,0.33,0.29,0.1,0.94,0.69,280,38,39,36.7,0.37,0.73,7.21,10.2,0.85,19.24,0.63,33.91,4.12,0.62,0.16,0.66,0.1,0.11,0.21
1114SCN,201,40,140,38,426,52,204,49,0.48,0.24,0.2,0.02,0.02,0.1,201,38,40.6,38.5,0.47,0.79,6.89,9.74,0.88,21.19,0.63,18.28,3.02,0.69,0.14,0.72,0.13,0.15,0.27
1115SCN,58,11,39,11,107,17,56,16,0.52,0.29,0.19,0.17,0.33,0.41,58,33,35.4,33.7,0.54,0.67,3.96,5.61,0.87,15.49,1,12,2.45,0.7,0.21,0.78,0.11,0.12,0.23
1116SCN,55,13,35,13,97,17,41,17,0.42,0.41,0.24,0.08,0.08,0.2,55,32,33.6,33.9,0.57,0.64,3.95,5.58,0.88,16.02,0.92,10.08,2.25,0.85,0.27,0.78,0.07,0.07,0.15
1117SCN,49,7,31,7,72,10,40,10,0.56,0.25,0.14,0,0,0,49,40,38,36.9,0.68,0.8,4.08,5.77,0.91,20.64,0.73,5.82,1.71,0.78,0.2,0.78,0,0.25,0.25
1118SCN,414,129,337,124,1525,170,729,164,0.48,0.22,0.31,0.12,2.09,1.02,414,31,38.6,33.8,0.27,0.7,7.5,10.6,0.82,17.89,0.55,41.86,4.57,0.46,0.1,0.5,0.07,0.06,0.14
1119SCN,46,11,27,10,61,12,29,11,0.48,0.38,0.24,0,0,0,46,38,39.6,37.5,0.75,0.76,4.16,5.89,0.93,26,1,5,1.58,0.93,0.17,0.93,0.21,0.14,0.34
1120SCN,132,28,86,27,280,36,114,35,0.41,0.31,0.21,0,0,0,132,33,38.5,34.8,0.47,0.68,5.58,7.89,0.87,18.34,0.83,16.67,2.89,0.75,0.18,0.74,0.11,0.13,0.25
1121SCN,217,60,166,60,486,72,244,72,0.5,0.3,0.28,0.07,0.29,0.38,217,41,38.5,38.3,0.45,0.77,6.96,9.84,0.87,20.61,0.6,19.8,3.15,0.68,0.14,0.73,0.12,0.13,0.25
1122SCN,68,18,44,18,122,23,58,23,0.48,0.4,0.26,0.23,0.69,0.59,68,37,37.7,33.8,0.56,0.69,4.35,6.16,0.88,17.15,0.92,11.08,2.35,0.76,0.21,0.76,0.09,0.09,0.17
1123SCN,198,42,146,41,413,47,198,46,0.48,0.23,0.21,0.09,0.34,0.41,198,31,39.8,37.3,0.48,0.73,6.89,9.74,0.88,21.43,0.7,23.17,3.4,0.74,0.17,0.81,0.12,0.18,0.29
1124SCN,188,46,135,45,349,60,174,59,0.5,0.34,0.24,0.09,0.35,0.42,188,37,41,39.6,0.54,0.76,7.12,10.06,0.89,24.07,0.7,22.26,3.34,0.78,0.18,0.83,0.11,0.17,0.29
1125SCN,183,36,135,36,346,39,180,39,0.52,0.22,0.2,0.02,0.02,0.11,183,44,42.4,40.1,0.53,0.81,6.96,9.84,0.89,23.31,0.69,20.02,3.16,0.75,0.16,0.85,0.13,0.16,0.28
1126SCN,61,13,36,13,91,14,40,14,0.44,0.35,0.21,0.22,0.44,0.47,61,39,38.8,36.6,0.67,0.78,4.52,6.39,0.91,22.09,1,9,2.12,0.9,0.23,0.84,0.1,0.17,0.28
1127SCN,265,56,195,54,970,82,426,79,0.44,0.19,0.21,0.08,0.53,0.51,265,34,40.2,33.3,0.27,0.68,6.02,8.51,0.81,15.83,0.47,20.82,3.23,0.46,0.1,0.49,0.08,0.09,0.17
1128SCN,218,42,156,42,457,51,220,51,0.48,0.23,0.19,0.04,0.08,0.2,218,35,40.6,38.8,0.48,0.78,7.21,10.2,0.88,22.01,0.69,23.59,3.43,0.71,0.15,0.71,0.13,0.15,0.28
1129SCN,88,16,56,16,166,19,76,19,0.46,0.25,0.18,0.12,0.38,0.43,88,37,37.8,36.9,0.53,0.73,4.83,6.83,0.88,17.88,0.58,8.17,2.02,0.74,0.18,0.73,0.14,0.09,0.24
1130SCN,295,70,225,69,947,89,416,86,0.44,0.21,0.24,0.03,0.08,0.2,295,33,38,36.6,0.31,0.75,6.78,9.59,0.83,17.49,0.41,18.41,3.03,0.54,0.11,0.68,0.09,0.1,0.19
1131SCN,232,53,172,52,671,68,294,66,0.44,0.22,0.23,0.1,0.68,0.58,232,36,40.1,37.8,0.35,0.74,6.33,8.96,0.84,17.32,0.56,22.22,3.33,0.59,0.14,0.65,0.06,0.08,0.14
1133SCN,189,35,138,33,395,40,192,37,0.49,0.19,0.19,0.04,0.09,0.21,189,37,39.2,38,0.48,0.78,6.72,9.51,0.88,21.06,0.66,20.45,3.2,0.72,0.16,0.77,0.11,0.17,0.28
1134SCN,166,33,118,32,289,41,144,37,0.5,0.26,0.2,0,0,0,166,36,42.3,41.6,0.57,0.78,6.9,9.76,0.9,25.15,0.75,20.25,3.18,0.82,0.19,0.87,0.15,0.14,0.29
1135SCN,104,20,72,20,275,32,130,32,0.47,0.25,0.19,0.03,0.03,0.13,104,36,34.9,33.2,0.38,0.66,4.43,6.27,0.83,14.09,0.66,12.45,2.49,0.55,0.15,0.55,0.06,0.14,0.2
1136SCN,127,36,90,35,226,47,115,45,0.51,0.39,0.28,0.25,1.25,0.79,127,39,37.9,38.2,0.56,0.76,5.97,8.45,0.89,22.14,0.95,18.05,3,0.78,0.17,0.77,0.16,0.11,0.27
1137SCN,119,27,78,26,237,43,113,42,0.48,0.37,0.23,0.05,0.05,0.16,119,33,41.1,35.3,0.5,0.72,5.47,7.73,0.87,18.85,0.75,11.25,2.37,0.69,0.13,0.7,0.05,0.11,0.16
1138SCN,196,40,142,40,382,46,181,46,0.47,0.25,0.2,0.05,0.11,0.23,196,36,40.9,38.9,0.51,0.79,7.09,10.03,0.89,23.01,0.81,24.32,3.49,0.78,0.17,0.84,0.14,0.14,0.28
1139SCN,82,20,51,19,132,20,60,19,0.45,0.32,0.24,0.23,0.69,0.59,82,35,38.4,37.8,0.62,0.73,5.05,7.14,0.9,21.75,0.69,6.23,1.77,0.85,0.15,0.9,0.03,0.22,0.25
1140SCN,70,17,42,17,138,23,60,23,0.43,0.38,0.24,0.08,0.08,0.2,70,32,34.8,33.4,0.51,0.65,4.21,5.96,0.86,15.53,0.69,6.23,1.77,0.7,0.15,0.72,0.1,0.15,0.25
1141SCN,135,34,96,34,318,39,136,39,0.43,0.29,0.25,0.15,0.74,0.61,135,36,34.5,32.5,0.42,0.69,5.35,7.57,0.85,16.83,0.59,11.76,2.43,0.71,0.15,0.72,0.12,0.14,0.26
1142SCN,132,22,94,22,340,40,170,40,0.5,0.24,0.17,0.03,0.03,0.12,132,32,38.3,35.6,0.39,0.72,5.06,7.16,0.84,15.6,0.58,10.94,2.34,0.55,0.11,0.56,0.1,0.13,0.23
1143SCN,185,36,133,36,423,49,206,48,0.49,0.23,0.19,0,0,0,185,42,37.6,37.5,0.44,0.76,6.36,9,0.86,19.2,0.52,11.52,2.4,0.65,0.11,0.73,0.12,0.13,0.25
1144SCN,57,11,37,10,81,12,40,11,0.49,0.28,0.19,0,0,0,57,38,38.6,36.5,0.7,0.76,4.48,6.33,0.92,23.87,1,7,1.87,0.93,0.17,0.91,0.2,0.07,0.28
1145SCN,171,43,124,43,358,58,175,58,0.49,0.33,0.25,0.14,0.68,0.58,171,41,39.5,39.7,0.48,0.79,6.39,9.04,0.87,20.33,0.59,13.08,2.56,0.71,0.13,0.75,0.09,0.09,0.18
1146SCN,227,53,170,52,544,69,268,68,0.49,0.25,0.23,0.04,0.13,0.26,227,39,40.8,36.9,0.42,0.75,6.88,9.73,0.86,19.72,0.61,25.09,3.54,0.63,0.15,0.72,0.13,0.13,0.26
1147SCN,92,9,50,9,168,18,71,18,0.42,0.25,0.1,0.1,0.2,0.32,92,38,39.6,35,0.55,0.72,5.02,7.1,0.88,18.94,0.85,14.45,2.69,0.7,0.24,0.7,0.11,0.11,0.23
1148SCN,226,53,170,53,474,60,230,59,0.49,0.26,0.23,0.1,0.49,0.5,226,40,40.9,38.5,0.48,0.78,7.34,10.38,0.88,22.26,0.69,24.02,3.47,0.74,0.15,0.84,0.15,0.16,0.3
1149SCN,124,30,79,29,258,40,119,39,0.46,0.33,0.24,0.18,1.09,0.74,124,36,38.7,34,0.48,0.73,5.46,7.72,0.87,18.28,0.67,14.67,2.71,0.66,0.18,0.75,0.08,0.13,0.2
1150SCN,200,40,142,40,539,60,236,60,0.44,0.25,0.2,0.12,0.69,0.59,200,39,37.9,35.6,0.37,0.71,6.09,8.61,0.84,17.33,0.69,24.92,3.53,0.6,0.15,0.61,0.09,0.12,0.21
1151SCN,230,57,171,55,487,69,244,67,0.5,0.27,0.25,0.04,0.08,0.2,230,30,40.5,38.5,0.47,0.77,7.37,10.42,0.88,22.17,0.75,27,3.67,0.7,0.15,0.78,0.11,0.11,0.23
1152SCN,207,64,153,63,561,91,260,89,0.46,0.34,0.31,0.05,0.16,0.28,207,32,39.1,32.7,0.37,0.67,6.18,8.74,0.84,17.45,0.51,14.75,2.72,0.59,0.11,0.62,0.1,0.07,0.17
1153SCN,297,53,226,53,894,77,412,77,0.46,0.19,0.18,0.03,0.08,0.2,297,38,39.7,37.4,0.33,0.75,7.02,9.93,0.84,18.2,0.44,22.92,3.38,0.55,0.13,0.67,0.1,0.11,0.21
1155SCN,169,37,117,37,399,47,218,47,0.55,0.22,0.22,0.12,0.6,0.55,169,35,36.8,32.7,0.42,0.69,5.98,8.46,0.86,18.13,0.67,18.67,3.06,0.54,0.13,0.56,0.1,0.1,0.2
1156SCN,60,13,36,13,93,14,44,14,0.47,0.32,0.22,0.33,0.67,0.58,60,33,38.1,36.9,0.65,0.66,4.4,6.22,0.9,20.36,1,6,1.73,0.82,0.14,0.83,0.07,0.07,0.14
1157SCN,208,46,151,45,406,60,214,58,0.53,0.27,0.22,0,0,0,208,34,44.3,40.6,0.51,0.8,7.3,10.32,0.89,23.43,0.73,24.2,3.48,0.71,0.15,0.73,0.13,0.16,0.29
1158SCN,112,24,71,23,204,32,94,31,0.46,0.33,0.21,0.16,0.47,0.49,112,40,39.4,37.7,0.55,0.75,5.54,7.84,0.89,20.48,0.89,15.21,2.76,0.76,0.18,0.74,0.14,0.13,0.27
1159SCN,122,28,83,28,287,36,140,36,0.49,0.26,0.23,0.03,0.03,0.12,122,37,36.1,34,0.43,0.66,5.09,7.2,0.85,16.26,0.51,9.26,2.15,0.59,0.13,0.63,0.07,0.1,0.17
1160SCN,187,40,139,39,349,47,182,46,0.52,0.25,0.21,0.02,0.02,0.11,187,41,41.7,40.1,0.54,0.79,7.08,10.01,0.89,23.86,0.73,24.2,3.48,0.76,0.18,0.82,0.13,0.15,0.28
1161SCN,135,24,91,22,329,30,140,28,0.43,0.2,0.18,0.04,0.04,0.13,135,39,33.6,33.2,0.41,0.69,5.26,7.44,0.85,16.38,0.5,7,1.87,0.65,0.1,0.75,0.1,0.12,0.22
1162SCN,108,18,66,18,282,28,121,28,0.43,0.23,0.17,0.05,0.11,0.23,108,37,36.4,35.1,0.38,0.68,4.55,6.43,0.83,14.4,0.49,8.76,2.09,0.55,0.15,0.63,0.07,0.08,0.15
1163SCN,246,55,186,55,562,68,262,68,0.47,0.26,0.22,0.04,0.07,0.19,246,36,39.5,37.9,0.44,0.75,7.34,10.38,0.87,21.07,0.64,23.14,3.4,0.71,0.14,0.76,0.12,0.14,0.26
1164SCN,222,49,161,48,542,61,247,59,0.46,0.24,0.22,0.04,0.13,0.26,222,36,39.8,37.2,0.41,0.75,6.74,9.54,0.86,19.28,0.6,23.88,3.46,0.65,0.16,0.73,0.1,0.16,0.26
1165SCN,86,13,53,13,204,17,88,17,0.43,0.19,0.15,0,0,0,86,39,34,30.4,0.42,0.68,4.26,6.02,0.84,14.22,0.39,4.32,1.47,0.6,0.12,0.71,0.14,0.11,0.25
1166SCN,70,14,40,14,123,20,52,20,0.42,0.38,0.2,0.11,0.11,0.24,70,35,36.9,36.4,0.57,0.73,4.46,6.31,0.88,17.84,0.89,7.11,1.89,0.77,0.15,0.85,0.08,0.12,0.19
1167SCN,191,43,142,41,371,54,184,52,0.5,0.28,0.23,0.1,0.41,0.45,191,36,41.1,39.1,0.51,0.79,7.01,9.92,0.89,22.9,0.85,27.92,3.74,0.77,0.18,0.68,0.16,0.18,0.34
1168SCN,143,35,100,34,315,43,147,42,0.47,0.29,0.24,0.14,0.55,0.53,143,34,36.9,37.1,0.45,0.72,5.7,8.06,0.86,18.2,0.79,18.24,3.02,0.68,0.16,0.67,0.08,0.12,0.2
1169SCN,191,35,125,33,521,46,227,42,0.44,0.19,0.18,0.09,0.46,0.48,191,35,36.8,35.6,0.37,0.72,5.92,8.37,0.84,16.94,0.61,20.17,3.18,0.55,0.15,0.53,0.08,0.1,0.19
1170SCN,115,29,76,29,251,40,108,40,0.43,0.37,0.25,0.11,0.32,0.4,115,34,34.7,34.1,0.46,0.67,5.13,7.26,0.86,16.99,0.75,15.75,2.81,0.7,0.19,0.72,0.12,0.09,0.21
1171SCN,224,46,173,45,612,81,309,80,0.5,0.26,0.21,0.04,0.12,0.25,224,36,40.1,35.5,0.37,0.74,6.4,9.05,0.84,17.79,0.55,22.72,3.37,0.56,0.13,0.62,0.09,0.14,0.23
1172SCN,54,9,36,9,94,13,51,13,0.54,0.25,0.17,0,0,0,54,36,34.9,31.4,0.57,0.72,3.94,5.57,0.88,16.17,0.62,6.25,1.77,0.71,0.2,0.8,0.08,0.14,0.22
1173SCN,97,24,65,23,189,29,91,27,0.48,0.3,0.25,0.11,0.21,0.32,97,37,38.4,36.8,0.51,0.75,4.99,7.06,0.87,17.89,0.63,7.58,1.95,0.71,0.13,0.8,0.12,0.15,0.27
1174SCN,74,15,46,15,126,18,59,18,0.47,0.31,0.2,0.4,1.6,0.89,74,37,38.1,36.3,0.59,0.76,4.66,6.59,0.89,19.09,0.9,8.1,2.01,0.78,0.15,0.84,0.07,0.14,0.2
1175SCN,133,36,99,35,303,50,152,49,0.5,0.32,0.27,0.2,1.4,0.84,133,38,36.2,35.4,0.44,0.7,5.4,7.64,0.86,17.22,0.71,17.86,2.99,0.65,0.16,0.67,0.09,0.08,0.17
1176SCN,95,25,67,25,180,29,101,29,0.56,0.29,0.26,0.09,0.17,0.29,95,37,37.8,35.6,0.53,0.73,5.01,7.08,0.88,18.33,0.61,8.52,2.06,0.66,0.14,0.69,0.08,0.08,0.16
1177SCN,147,28,105,27,252,36,136,35,0.54,0.26,0.19,0.03,0.03,0.13,147,36,42,40.5,0.58,0.78,6.55,9.26,0.9,24.64,0.74,17.06,2.92,0.77,0.17,0.75,0.12,0.18,0.3
1178SCN,96,22,64,21,164,26,85,25,0.52,0.29,0.23,0.07,0.07,0.18,96,40,40.4,37.6,0.59,0.75,5.3,7.5,0.89,21.09,0.67,6.67,1.83,0.75,0.12,0.79,0.13,0.12,0.25
1179SCN,90,18,54,17,147,19,69,18,0.47,0.26,0.2,0.07,0.15,0.27,90,42,38.6,35.1,0.61,0.74,5.25,7.42,0.9,22.05,0.59,9.48,2.18,0.78,0.23,0.89,0.07,0.14,0.22
1180SCN,159,36,114,35,352,45,151,41,0.43,0.27,0.23,0.08,0.31,0.4,159,36,39.4,36.5,0.45,0.75,5.99,8.47,0.86,18.79,0.63,20.08,3.17,0.75,0.21,0.89,0.08,0.11,0.19
1181SCN,35,6,21,6,58,8,34,8,0.59,0.24,0.17,0.22,0.44,0.47,35,33,31.6,32.4,0.6,0.66,3.25,4.6,0.88,14.18,0.78,5.44,1.65,0.62,0.21,0.65,0.12,0.06,0.18
1182SCN,211,48,157,48,401,56,204,56,0.51,0.27,0.23,0.02,0.02,0.11,211,38,41.9,42.2,0.53,0.79,7.45,10.54,0.89,24.3,0.74,22.88,3.38,0.77,0.15,0.79,0.13,0.17,0.3
1183SCN,136,24,88,24,224,33,108,32,0.48,0.3,0.18,0.03,0.03,0.13,136,31,42,40.6,0.61,0.76,6.43,9.09,0.91,25.49,0.7,14.7,2.71,0.81,0.19,0.83,0.12,0.19,0.31
1185SCN,60,8,34,8,82,8,40,8,0.49,0.2,0.13,0,0,0,60,38,39.7,37,0.73,0.76,4.69,6.63,0.93,27,0.69,6.23,1.77,0.85,0.23,0.85,0.28,0.07,0.35
1186SCN,139,31,96,31,207,35,107,35,0.52,0.33,0.22,0.04,0.04,0.13,139,40,44,42.5,0.67,0.83,6.83,9.66,0.93,31.01,0.89,22.32,3.34,0.9,0.23,0.88,0.16,0.17,0.33
1187SCN,186,36,130,36,334,44,169,44,0.51,0.26,0.19,0,0,0,186,36,43,40.7,0.56,0.8,7.2,10.18,0.9,25.05,0.83,28.2,3.75,0.77,0.2,0.78,0.13,0.16,0.29
1188SCN,160,35,113,34,279,45,140,43,0.5,0.31,0.22,0,0,0,160,34,42.5,38.2,0.57,0.82,6.77,9.58,0.9,24.77,0.79,20.48,3.2,0.81,0.19,0.83,0.13,0.19,0.31
1189SCN,55,7,32,6,89,9,41,8,0.46,0.2,0.13,0,0,0,55,33,36,36.3,0.62,0.66,4.12,5.83,0.89,18.18,0.88,6.12,1.75,0.78,0.17,0.74,0.07,0.22,0.29
1190SCN,170,38,114,36,307,44,142,42,0.46,0.3,0.22,0.1,0.31,0.39,170,32,40.6,41.7,0.55,0.79,6.86,9.7,0.9,24.1,0.83,19.86,3.15,0.8,0.17,0.83,0.13,0.15,0.28
1191SCN,80,21,57,21,146,29,79,29,0.54,0.37,0.26,0.12,0.24,0.34,80,36,38.5,37,0.55,0.77,4.68,6.62,0.88,17.93,0.76,9.94,2.23,0.72,0.16,0.8,0.09,0.1,0.19
1193SCN,185,39,133,39,320,43,158,43,0.49,0.27,0.21,0.05,0.1,0.22,185,35,42.1,40.4,0.58,0.8,7.31,10.34,0.91,26.37,0.85,29.88,3.87,0.84,0.22,0.9,0.12,0.17,0.29
1195SCN,45,9,23,9,63,13,28,12,0.44,0.43,0.2,0.2,0.2,0.32,45,39,36.7,37.2,0.71,0.78,4.01,5.67,0.92,22.16,1,5,1.58,0.82,0.18,0.81,0.11,0.07,0.18
1196SCN,143,28,100,28,232,34,120,32,0.52,0.27,0.2,0,0,0,143,32,42.1,38.3,0.62,0.77,6.64,9.39,0.91,26.63,0.85,19.59,3.13,0.83,0.19,0.83,0.12,0.2,0.33
1197SCN,128,29,83,29,236,35,122,35,0.52,0.29,0.23,0.05,0.05,0.16,128,35,40.1,35.7,0.54,0.72,5.89,8.33,0.89,21.19,0.7,9.8,2.21,0.68,0.11,0.76,0.08,0.12,0.2
1198SCN,82,13,59,13,138,17,79,16,0.57,0.2,0.16,0.12,0.25,0.35,82,32,39.4,37.3,0.59,0.68,4.94,6.98,0.89,20.26,0.81,10.56,2.3,0.75,0.16,0.75,0.08,0.18,0.25
1199SCN,50,10,30,10,102,15,53,15,0.52,0.28,0.2,0.08,0.08,0.2,50,31,33.2,32.8,0.49,0.65,3.5,4.95,0.85,13.03,0.54,3.77,1.37,0.57,0.13,0.71,0.08,0.09,0.17
1200SCN,154,31,109,31,250,33,131,33,0.52,0.25,0.2,0,0,0,154,35,43.1,40.2,0.62,0.82,6.89,9.74,0.91,27.33,0.7,16.03,2.83,0.83,0.18,0.92,0.16,0.17,0.33
1201SCN,228,44,171,44,492,59,235,57,0.48,0.24,0.19,0.05,0.14,0.27,228,39,43.4,37.8,0.46,0.79,7.27,10.28,0.88,21.69,0.62,24.14,3.47,0.73,0.17,0.83,0.13,0.14,0.27
1202SCN,92,17,59,17,189,22,91,22,0.48,0.24,0.18,0.09,0.17,0.29,92,36,37.4,34.3,0.49,0.69,4.73,6.69,0.86,16.57,0.61,8.52,2.06,0.65,0.15,0.73,0.09,0.09,0.18
1203SCN,210,38,151,38,517,47,238,46,0.46,0.19,0.18,0,0,0,210,34,38.4,36.9,0.41,0.74,6.53,9.24,0.86,18.82,0.59,19.45,3.12,0.63,0.14,0.72,0.11,0.15,0.25
1204SCN,154,32,111,32,267,41,139,40,0.52,0.29,0.21,0,0,0,154,38,41.6,40.5,0.58,0.81,6.66,9.42,0.9,24.64,0.74,14.81,2.72,0.8,0.14,0.79,0.17,0.19,0.35
1205SCN,122,32,82,31,268,38,125,37,0.47,0.3,0.26,0.22,0.89,0.67,122,35,38,35.8,0.46,0.72,5.27,7.45,0.86,17.25,0.78,10.89,2.33,0.66,0.11,0.72,0.06,0.1,0.17
1206SCN,172,37,122,37,348,46,165,46,0.47,0.28,0.22,0.09,0.36,0.43,172,28,39.9,36.7,0.49,0.71,6.52,9.22,0.88,21.11,0.68,20.45,3.2,0.74,0.18,0.75,0.14,0.15,0.28
1207SCN,90,23,60,23,152,30,74,30,0.49,0.41,0.26,0.21,0.64,0.57,90,38,38.5,35,0.59,0.73,5.16,7.3,0.9,20.92,1,14,2.65,0.81,0.19,0.79,0.12,0.12,0.24
1208SCN,109,15,69,15,253,28,129,28,0.51,0.22,0.14,0.04,0.04,0.14,109,33,37.6,32.3,0.43,0.65,4.85,6.85,0.85,15.79,0.58,8.65,2.08,0.53,0.12,0.53,0.08,0.12,0.19
1209SCN,146,26,101,26,249,29,123,29,0.49,0.24,0.18,0,0,0,146,37,41.2,37.9,0.59,0.79,6.54,9.25,0.9,24.77,0.69,17.36,2.95,0.82,0.2,0.93,0.12,0.17,0.29
1211SCN,43,11,27,10,69,13,30,12,0.43,0.4,0.26,0.2,0.2,0.32,43,34,33.7,31.9,0.62,0.68,3.66,5.18,0.89,16.46,1,5,1.58,0.9,0.17,0.89,0.1,0.07,0.17
1212SCN,166,32,115,32,302,39,152,39,0.5,0.26,0.19,0.03,0.03,0.11,166,37,41.3,37.6,0.55,0.78,6.75,9.55,0.9,23.66,0.69,18.69,3.06,0.76,0.18,0.83,0.1,0.18,0.28
1214SCN,172,35,122,35,333,43,163,42,0.49,0.26,0.2,0,0,0,172,31,39.4,38.4,0.52,0.76,6.66,9.43,0.89,22.18,0.68,20.45,3.2,0.75,0.18,0.8,0.14,0.17,0.31
1215SCN,56,6,37,6,115,8,59,8,0.51,0.14,0.11,0.05,0.05,0.15,56,33,32.7,31.4,0.49,0.64,3.69,5.22,0.85,13.59,0.55,6.55,1.81,0.63,0.2,0.65,0.1,0.15,0.25
1216SCN,186,36,132,36,355,43,170,42,0.48,0.25,0.19,0,0,0,186,37,41.1,40.4,0.52,0.8,6.98,9.87,0.89,23.17,0.76,26.63,3.65,0.78,0.21,0.83,0.14,0.15,0.29
1217SCN,201,37,140,35,430,44,196,42,0.46,0.21,0.18,0.07,0.2,0.32,201,36,41.3,38.5,0.47,0.76,6.85,9.69,0.87,21,0.7,21.84,3.3,0.71,0.16,0.78,0.14,0.17,0.31
1218SCN,92,17,56,16,174,25,75,23,0.43,0.31,0.18,0.06,0.06,0.17,92,36,37.8,36.4,0.53,0.71,4.93,6.97,0.88,18.14,0.67,8,2,0.75,0.16,0.8,0.05,0.12,0.17
1219SCN,78,8,50,8,139,12,76,12,0.55,0.16,0.1,0,0,0,78,35,38.9,36.5,0.56,0.73,4.68,6.62,0.88,18.3,0.69,6.23,1.77,0.66,0.12,0.68,0.09,0.16,0.25
1220SCN,75,19,43,18,121,22,56,21,0.46,0.38,0.25,0.1,0.1,0.22,75,41,38.4,36.9,0.62,0.78,4.82,6.82,0.9,20.88,0.7,4.9,1.57,0.77,0.12,0.83,0.11,0.14,0.25
1222SCN,176,36,124,36,330,47,166,47,0.5,0.28,0.2,0.11,0.44,0.47,176,36,41.6,40.1,0.53,0.79,6.85,9.69,0.89,23.23,0.86,26.69,3.65,0.75,0.19,0.74,0.12,0.17,0.3
1223SCN,138,33,97,32,221,39,123,38,0.56,0.31,0.24,0,0,0,138,41,42.7,42.6,0.62,0.84,6.56,9.28,0.91,26.87,0.68,14.23,2.67,0.79,0.17,0.82,0.11,0.14,0.24
1224SCN,165,39,113,36,400,45,181,42,0.45,0.23,0.24,0.04,0.08,0.2,165,30,37,34.3,0.41,0.7,5.83,8.25,0.85,17.61,0.51,12.76,2.53,0.62,0.14,0.67,0.09,0.11,0.2
1225SCN,210,49,154,49,461,70,208,70,0.45,0.34,0.23,0.07,0.21,0.33,210,38,39.1,35.9,0.46,0.76,6.92,9.78,0.87,20.78,0.79,25.93,3.6,0.74,0.16,0.68,0.12,0.15,0.27
1226SCN,75,9,49,9,126,13,67,13,0.53,0.19,0.12,0,0,0,75,34,39.1,38.5,0.6,0.75,4.72,6.68,0.89,19.58,0.83,4.17,1.44,0.73,0.07,0.75,0.1,0.21,0.31
1228SCN,212,55,159,54,429,71,211,70,0.49,0.33,0.26,0.03,0.03,0.12,212,33,41.4,38.4,0.49,0.75,7.24,10.24,0.88,22.64,0.7,18.27,3.02,0.75,0.12,0.75,0.13,0.2,0.33
1229SCN,224,50,156,50,462,55,197,54,0.43,0.27,0.22,0.08,0.33,0.4,224,31,40.4,39.3,0.48,0.74,7.37,10.42,0.88,22.58,0.71,25,3.54,0.79,0.18,0.89,0.13,0.17,0.3
1230SCN,46,17,29,17,66,22,36,22,0.55,0.61,0.37,0.4,0.8,0.63,46,38,38,36.6,0.7,0.76,4,5.66,0.91,21.12,0.8,3.2,1.26,0.81,0.11,0.78,0.08,0.14,0.22
1231SCN,198,54,151,54,441,72,226,72,0.51,0.32,0.27,0.04,0.08,0.19,198,38,39.8,38.6,0.45,0.78,6.67,9.43,0.87,20.11,0.64,21.81,3.3,0.67,0.15,0.72,0.12,0.15,0.27
1232SCN,56,19,40,19,88,25,54,25,0.61,0.46,0.34,0,0,0,56,37,37.2,38.3,0.64,0.74,4.22,5.97,0.9,19.26,0.71,3.57,1.34,0.74,0.09,0.76,0.06,0.11,0.17
1233SCN,191,48,136,48,398,62,191,62,0.48,0.32,0.25,0.02,0.02,0.11,191,37,40.2,38.8,0.48,0.76,6.77,9.57,0.88,21.2,0.73,24.2,3.48,0.71,0.17,0.72,0.11,0.17,0.28
1234SCN,39,9,26,9,65,11,34,11,0.52,0.32,0.23,0,0,0,39,32,32.9,32.5,0.6,0.64,3.42,4.84,0.88,14.81,0.62,3.12,1.25,0.76,0.15,0.83,0.18,0.18,0.35
1235SCN,166,45,122,45,267,56,145,56,0.54,0.39,0.27,0.11,0.32,0.4,166,37,43.4,41,0.62,0.81,7.18,10.16,0.91,28.53,0.89,22.32,3.34,0.84,0.17,0.83,0.13,0.19,0.32
1236SCN,92,19,58,19,172,28,82,28,0.48,0.34,0.21,0.22,1.09,0.74,92,34,37.8,38.8,0.53,0.72,4.96,7.01,0.88,18.39,0.78,14.09,2.65,0.71,0.22,0.72,0.1,0.07,0.17
1237SCN,175,35,126,35,308,48,158,46,0.51,0.29,0.2,0.06,0.12,0.25,175,43,42.3,41.4,0.57,0.8,7.05,9.97,0.9,25.22,0.81,21.12,3.25,0.8,0.16,0.75,0.11,0.22,0.33
1238SCN,115,25,78,25,162,29,85,29,0.52,0.34,0.22,0,0,0,115,42,42.7,43.2,0.71,0.85,6.39,9.04,0.93,32.81,1,15,2.74,0.92,0.18,0.9,0.18,0.16,0.34
1240SCN,205,43,158,43,484,52,241,52,0.5,0.22,0.21,0.03,0.07,0.18,205,33,38.1,36.9,0.42,0.74,6.59,9.32,0.86,19.32,0.63,24.07,3.47,0.66,0.16,0.7,0.12,0.14,0.26
1241SCN,41,9,27,8,60,10,29,8,0.48,0.28,0.22,0,0,0,41,37,36.2,36.4,0.68,0.74,3.74,5.29,0.91,19.12,1,3,1.22,0.93,0.1,0.94,0.17,0.07,0.24
FILENAME,WORDTYPES,SWORDTYPES,LEXTYPES,SLEXTYPES,WORDTOKENS,SWORDTOKENS,LEXTOKENS,SLEXTOKENS,LD,LS1,LS2,VS1,VS2,CVS1,NDW,NDWZ,NDWERZ,NDWESZ,TTR,MSTTR,CTTR,RTTR,LOGTTR,UBER,LV,VV1,SVV1,CVV1,VV2,NV,ADJV,ADVV,MODV
1242SCN,166,36,117,35,276,40,148,39,0.54,0.26,0.22,0.03,0.03,0.12,166,38,44.1,38.7,0.6,0.8,7.07,9.99,0.91,26.98,0.78,19.53,3.12,0.79,0.17,0.84,0.11,0.16,0.28
1243SCN,207,50,149,50,460,80,242,80,0.53,0.33,0.24,0.06,0.17,0.29,207,39,40.9,38.3,0.45,0.73,6.82,9.65,0.87,20.45,0.69,25.35,3.56,0.62,0.15,0.54,0.1,0.13,0.23
1244SCN,128,28,86,28,289,38,139,38,0.48,0.27,0.22,0,0,0,128,36,37.4,33.9,0.44,0.71,5.32,7.53,0.86,17.12,0.63,7.58,1.95,0.62,0.09,0.67,0.09,0.12,0.2
1245SCN,150,32,110,32,273,37,130,37,0.48,0.28,0.21,0.03,0.03,0.12,150,35,39.8,38.6,0.55,0.78,6.42,9.08,0.89,22.82,0.8,22.4,3.35,0.85,0.22,0.87,0.13,0.17,0.3
1246SCN,89,24,57,24,156,28,75,28,0.48,0.37,0.27,0.13,0.27,0.37,89,37,39.1,39.6,0.57,0.76,5.04,7.13,0.89,19.73,0.67,6.67,1.83,0.76,0.13,0.77,0.13,0.11,0.24
1247SCN,63,7,33,6,107,13,50,12,0.47,0.24,0.11,0.09,0.09,0.21,63,38,37.7,40.3,0.59,0.74,4.31,6.09,0.89,17.9,0.82,7.36,1.92,0.66,0.18,0.62,0.08,0.16,0.24
1248SCN,122,26,77,25,258,40,111,39,0.43,0.35,0.21,0.12,0.36,0.42,122,32,37.3,36.1,0.47,0.68,5.37,7.6,0.87,17.88,0.72,12.96,2.55,0.69,0.16,0.7,0.09,0.11,0.2
1250SCN,100,21,67,19,201,30,98,28,0.49,0.29,0.21,0,0,0,100,38,35.5,35.6,0.5,0.74,4.99,7.05,0.87,17.5,0.67,10.67,2.31,0.68,0.16,0.69,0.08,0.13,0.21
1252SCN,150,28,102,28,392,38,175,38,0.45,0.22,0.19,0.03,0.03,0.12,150,36,36.1,37.1,0.38,0.72,5.36,7.58,0.84,16.12,0.66,15.11,2.75,0.58,0.13,0.65,0.06,0.15,0.22
1253SCN,63,11,39,11,104,17,53,17,0.51,0.32,0.17,0.17,0.33,0.41,63,38,37.1,37.2,0.61,0.72,4.37,6.18,0.89,18.69,0.92,10.08,2.25,0.74,0.21,0.68,0.06,0.17,0.23
1255SCN,164,31,119,31,295,35,151,35,0.51,0.23,0.19,0.03,0.03,0.11,164,35,41.9,41.9,0.56,0.78,6.75,9.55,0.9,23.92,0.68,17.79,2.98,0.79,0.17,0.84,0.15,0.17,0.32
1256SCN,140,29,95,27,314,37,149,34,0.47,0.23,0.21,0.03,0.03,0.12,140,36,39,36.9,0.45,0.72,5.59,7.9,0.86,17.77,0.6,12.6,2.51,0.64,0.14,0.72,0.09,0.15,0.23
1257SCN,150,30,103,29,263,33,142,31,0.54,0.22,0.2,0.03,0.03,0.12,150,35,41.7,41.2,0.57,0.81,6.54,9.25,0.9,24.01,0.66,13.78,2.62,0.73,0.15,0.8,0.14,0.15,0.3
1258SCN,172,35,124,33,297,41,150,38,0.51,0.25,0.2,0.12,0.48,0.49,172,37,42.1,40.5,0.58,0.82,7.06,9.98,0.9,25.77,0.82,22.09,3.32,0.83,0.18,0.84,0.14,0.23,0.37
1259SCN,151,33,112,33,272,38,145,38,0.53,0.26,0.22,0.06,0.13,0.25,151,32,41.8,39.6,0.56,0.78,6.47,9.16,0.9,23.19,0.84,21.81,3.3,0.77,0.18,0.81,0.14,0.17,0.32
1260SCN,160,34,113,34,298,42,144,42,0.48,0.29,0.21,0.03,0.03,0.12,160,33,38.7,36.9,0.54,0.76,6.55,9.27,0.89,22.67,0.67,14.67,2.71,0.78,0.15,0.82,0.15,0.15,0.29
1261SCN,169,30,122,30,300,35,144,32,0.48,0.22,0.18,0.03,0.03,0.12,169,32,41.6,41.6,0.56,0.78,6.9,9.76,0.9,24.62,0.76,21.19,3.25,0.85,0.19,0.89,0.17,0.16,0.33
1262SCN,147,44,101,42,306,55,143,53,0.47,0.37,0.3,0.18,1.06,0.73,147,40,37.6,34.5,0.48,0.7,5.94,8.4,0.87,19.41,0.74,18.38,3.03,0.71,0.17,0.7,0.06,0.12,0.18
1263SCN,142,28,101,28,230,33,117,31,0.51,0.26,0.2,0.07,0.14,0.26,142,35,42,40.5,0.62,0.78,6.62,9.36,0.91,26.63,0.9,23.31,3.41,0.86,0.22,0.8,0.14,0.15,0.28
1264SCN,154,31,111,31,273,35,142,35,0.52,0.25,0.2,0.04,0.04,0.13,154,39,41.8,40.5,0.56,0.77,6.59,9.32,0.9,23.87,0.79,17.29,2.94,0.78,0.15,0.82,0.15,0.13,0.28
1265SCN,67,15,42,15,99,18,47,18,0.47,0.38,0.22,0.17,0.17,0.29,67,39,39.3,37.7,0.68,0.78,4.76,6.73,0.92,23.49,1,6,1.73,0.89,0.13,0.84,0.11,0.21,0.32
1266SCN,252,54,191,53,612,68,281,67,0.46,0.24,0.21,0.08,0.47,0.49,252,38,39.4,38.3,0.41,0.75,7.2,10.19,0.86,20.15,0.67,34.22,4.14,0.68,0.18,0.72,0.09,0.12,0.21
1267SCN,151,29,103,29,238,34,119,34,0.5,0.29,0.19,0.04,0.04,0.14,151,38,42.3,41.8,0.63,0.83,6.92,9.79,0.92,28.58,0.88,20.35,3.19,0.87,0.19,0.84,0.15,0.17,0.32
1269SCN,144,32,103,31,244,41,125,40,0.51,0.32,0.22,0.05,0.05,0.15,144,37,42.5,40.3,0.59,0.79,6.52,9.22,0.9,24.89,0.95,20.05,3.17,0.82,0.17,0.79,0.14,0.22,0.37
1273SCN,217,37,155,37,553,54,230,52,0.42,0.23,0.17,0.04,0.12,0.24,217,36,38.5,37.6,0.39,0.73,6.53,9.23,0.85,18.52,0.59,25.81,3.59,0.67,0.19,0.78,0.1,0.12,0.22
1274SCN,144,31,102,31,261,38,128,38,0.49,0.3,0.22,0.06,0.13,0.25,144,35,39.5,40.7,0.55,0.76,6.3,8.91,0.89,22.61,0.74,17.06,2.92,0.8,0.18,0.82,0.12,0.15,0.27
1275SCN,90,16,60,15,163,20,83,19,0.51,0.23,0.18,0.05,0.05,0.15,90,35,38.2,38.8,0.55,0.73,4.98,7.05,0.88,18.97,0.71,10.71,2.31,0.72,0.18,0.73,0.11,0.11,0.22
1277SCN,152,29,108,28,251,32,132,31,0.53,0.23,0.19,0.04,0.04,0.14,152,38,41.8,40.4,0.61,0.78,6.78,9.59,0.91,26.44,0.92,21.16,3.25,0.82,0.17,0.76,0.16,0.2,0.36
1278SCN,191,38,136,36,402,40,182,38,0.45,0.21,0.2,0.02,0.02,0.1,191,33,39.5,40.1,0.48,0.73,6.74,9.53,0.88,20.98,0.76,28.88,3.8,0.75,0.21,0.85,0.12,0.13,0.25
1279SCN,144,32,101,32,220,34,113,34,0.51,0.3,0.22,0,0,0,144,41,41.9,40.5,0.65,0.81,6.86,9.71,0.92,29.81,0.83,16.67,2.89,0.89,0.18,0.91,0.17,0.19,0.36
1280SCN,111,18,71,17,237,25,111,24,0.47,0.22,0.16,0.08,0.16,0.28,111,31,36.3,35.3,0.47,0.68,5.1,7.21,0.86,17.12,0.64,10.24,2.26,0.64,0.14,0.62,0.13,0.14,0.27
1282SCN,126,30,91,30,187,32,100,32,0.53,0.32,0.24,0,0,0,126,40,42,43.1,0.67,0.83,6.52,9.21,0.92,30.1,0.95,18.05,3,0.91,0.19,0.87,0.18,0.14,0.32
1283SCN,159,32,115,32,330,37,172,37,0.52,0.22,0.2,0.03,0.03,0.12,159,36,39.6,37.9,0.48,0.75,6.19,8.75,0.87,20,0.64,14.69,2.71,0.67,0.13,0.73,0.1,0.08,0.18
1284SCN,49,15,29,14,56,15,29,14,0.52,0.48,0.31,0,0,0,49,44,44,43.6,0.88,0.88,4.63,6.55,0.97,52.7,1,2,1,1,0.07,1,0.14,0,0.14
1285SCN,197,44,142,44,409,56,199,55,0.49,0.28,0.22,0.02,0.02,0.11,197,36,40.9,40.9,0.48,0.78,6.89,9.74,0.88,21.5,0.7,20.93,3.23,0.71,0.15,0.74,0.12,0.15,0.27
1286SCN,157,32,106,31,280,38,143,37,0.51,0.26,0.2,0,0,0,157,33,41.2,40.6,0.56,0.76,6.63,9.38,0.9,23.83,0.83,19.86,3.15,0.74,0.17,0.8,0.1,0.16,0.27
1287SCN,174,30,122,29,427,37,195,36,0.46,0.18,0.17,0.06,0.13,0.25,174,39,36.5,35.6,0.41,0.73,5.95,8.42,0.85,17.75,0.77,18.58,3.05,0.63,0.12,0.72,0.1,0.1,0.21
1289SCN,203,49,151,48,419,59,208,58,0.5,0.28,0.24,0.02,0.02,0.1,203,33,40,35.4,0.48,0.74,7.01,9.92,0.88,21.85,0.72,24.6,3.51,0.73,0.16,0.78,0.13,0.16,0.3
1290SCN,150,34,104,31,383,41,167,37,0.44,0.22,0.23,0.07,0.23,0.34,150,37,36.2,34,0.39,0.69,5.42,7.66,0.84,16.39,0.6,14.4,2.68,0.62,0.14,0.65,0.09,0.13,0.22
1292SCN,221,59,162,59,428,75,212,74,0.5,0.35,0.27,0.13,0.94,0.69,221,43,42.3,38.1,0.52,0.77,7.55,10.68,0.89,24.12,0.77,30.77,3.92,0.76,0.19,0.81,0.14,0.14,0.28
1293SCN,56,13,35,13,84,15,40,15,0.48,0.38,0.23,0.1,0.1,0.22,56,41,36.7,36.3,0.67,0.82,4.32,6.11,0.91,21.03,0.9,8.1,2.01,0.88,0.23,0.89,0,0.07,0.07
1294SCN,138,30,99,29,217,31,115,30,0.53,0.26,0.22,0.05,0.05,0.15,138,26,42,42.7,0.64,0.79,6.62,9.37,0.92,27.77,0.9,17.19,2.93,0.86,0.17,0.8,0.15,0.24,0.39
1298SCN,151,30,107,28,240,32,120,30,0.5,0.25,0.2,0.03,0.03,0.13,151,38,41.7,41.7,0.63,0.8,6.89,9.75,0.92,28.15,0.79,18.24,3.02,0.89,0.19,0.92,0.14,0.2,0.34
1300SCN,63,17,37,16,91,20,43,19,0.47,0.44,0.27,0,0,0,63,37,40.1,38.9,0.69,0.74,4.67,6.6,0.92,24.03,0.6,1.8,0.95,0.86,0.07,0.9,0.05,0.12,0.16
1301SCN,119,23,80,23,236,28,114,28,0.48,0.25,0.19,0,0,0,119,40,39.9,39.2,0.5,0.77,5.48,7.75,0.87,18.94,0.7,11.13,2.36,0.7,0.14,0.72,0.13,0.16,0.29
1302SCN,57,13,35,12,86,14,43,13,0.5,0.3,0.23,0.13,0.27,0.37,57,35,38.2,38,0.66,0.7,4.35,6.15,0.91,20.95,0.87,11.27,2.37,0.81,0.3,0.78,0.09,0.12,0.21
1303SCN,176,46,127,46,291,56,152,55,0.52,0.36,0.26,0.06,0.13,0.25,176,35,42.1,41.2,0.6,0.8,7.3,10.32,0.91,27.8,0.87,23.52,3.43,0.84,0.18,0.84,0.14,0.16,0.3
1304SCN,144,30,93,26,336,36,163,32,0.49,0.2,0.21,0,0,0,144,34,38.9,36.6,0.43,0.74,5.55,7.86,0.85,17.34,0.5,9,2.12,0.57,0.11,0.64,0.07,0.12,0.19
1305SCN,159,36,113,35,300,43,158,42,0.53,0.27,0.23,0.06,0.12,0.24,159,34,42,36.9,0.53,0.76,6.49,9.18,0.89,22.25,0.68,15.56,2.79,0.72,0.15,0.82,0.12,0.18,0.3
1306SCN,135,34,96,34,283,41,128,41,0.45,0.32,0.25,0.15,0.76,0.62,135,38,37.4,36.4,0.48,0.7,5.67,8.02,0.87,18.7,0.67,14.67,2.71,0.75,0.17,0.81,0.09,0.14,0.23
1307SCN,162,37,116,37,284,44,150,44,0.53,0.29,0.23,0,0,0,162,32,41.8,40.2,0.57,0.76,6.8,9.61,0.9,24.69,0.73,17.45,2.95,0.77,0.16,0.85,0.13,0.21,0.35
1308SCN,118,23,81,22,278,37,143,36,0.51,0.25,0.19,0.1,0.3,0.39,118,37,37.2,35.6,0.42,0.68,5,7.08,0.85,16.05,0.6,10.8,2.32,0.57,0.13,0.62,0.06,0.1,0.16
1309SCN,187,37,135,37,379,51,182,51,0.48,0.28,0.2,0.07,0.2,0.31,187,39,41.7,37.7,0.49,0.73,6.79,9.61,0.88,21.67,0.67,20.89,3.23,0.74,0.17,0.75,0.11,0.14,0.25
1310SCN,234,51,176,50,515,68,259,67,0.5,0.26,0.22,0.06,0.17,0.29,234,35,41.6,37.9,0.45,0.75,7.29,10.31,0.87,21.47,0.63,21.41,3.27,0.68,0.13,0.74,0.12,0.13,0.25
1312SCN,83,19,54,19,167,26,82,24,0.49,0.29,0.23,0.14,0.29,0.38,83,37,36.6,35.6,0.5,0.71,4.54,6.42,0.86,16.27,0.79,8.64,2.08,0.66,0.13,0.68,0.05,0.18,0.23
1313SCN,170,37,127,37,297,43,152,42,0.51,0.28,0.22,0.06,0.12,0.24,170,32,41.7,41.3,0.57,0.78,6.98,9.86,0.9,25.23,0.88,26.47,3.64,0.84,0.2,0.83,0.13,0.18,0.32
1314SCN,128,31,90,30,200,34,107,33,0.54,0.31,0.24,0.08,0.17,0.29,128,36,42.2,42.7,0.64,0.81,6.4,9.05,0.92,27.32,0.92,20.17,3.18,0.84,0.21,0.8,0.14,0.15,0.29
1315SCN,154,30,112,30,273,35,143,35,0.52,0.24,0.19,0,0,0,154,37,40.8,40.1,0.56,0.78,6.59,9.32,0.9,23.87,0.84,21.81,3.3,0.78,0.18,0.83,0.13,0.17,0.3
1316SCN,75,13,48,13,132,19,69,19,0.52,0.28,0.17,0,0,0,75,42,37.5,36.1,0.57,0.76,4.62,6.53,0.88,18.32,0.67,6.67,1.83,0.7,0.14,0.86,0.07,0.19,0.26
1317SCN,176,43,128,43,306,47,152,47,0.5,0.31,0.24,0.06,0.11,0.24,176,41,40.9,39.8,0.58,0.81,7.11,10.06,0.9,25.72,0.78,21.78,3.3,0.84,0.18,0.9,0.14,0.17,0.31
1318SCN,128,31,91,31,197,34,105,34,0.53,0.32,0.24,0.04,0.04,0.14,128,39,41.6,41.3,0.65,0.83,6.45,9.12,0.92,28.11,0.92,21.16,3.25,0.87,0.22,0.83,0.16,0.15,0.31
1319SCN,176,46,130,45,325,54,164,51,0.5,0.31,0.26,0.03,0.03,0.13,176,38,43.1,39.5,0.54,0.79,6.9,9.76,0.89,23.69,0.81,20.16,3.18,0.79,0.15,0.82,0.12,0.16,0.28
1322SCN,162,30,112,29,291,39,138,38,0.47,0.28,0.19,0.05,0.11,0.23,162,33,41.7,36.1,0.56,0.79,6.72,9.5,0.9,23.87,0.79,23.68,3.44,0.81,0.22,0.81,0.14,0.18,0.32
1323SCN,119,19,74,19,244,25,95,25,0.39,0.26,0.16,0.07,0.15,0.27,119,34,38.1,36,0.49,0.71,5.39,7.62,0.87,18.28,0.78,16.33,2.86,0.78,0.22,0.82,0.13,0.13,0.25
1324SCN,40,10,23,10,63,11,29,11,0.46,0.38,0.25,0.4,0.8,0.63,40,35,34.6,34.9,0.63,0.7,3.56,5.04,0.89,16.41,1,5,1.58,0.79,0.17,0.91,0.1,0.21,0.31
1325SCN,203,49,149,49,402,62,203,61,0.5,0.3,0.24,0.07,0.2,0.32,203,36,41.5,40.4,0.5,0.76,7.16,10.12,0.89,22.86,0.66,19.11,3.09,0.73,0.14,0.81,0.11,0.16,0.27
1326SCN,214,50,167,50,431,56,235,56,0.55,0.24,0.23,0.05,0.16,0.28,214,35,40.7,40.7,0.5,0.78,7.29,10.31,0.88,22.83,0.57,18.78,3.06,0.71,0.14,0.79,0.11,0.17,0.28
1328SCN,192,45,139,44,386,53,193,52,0.5,0.27,0.23,0.06,0.18,0.3,192,34,39.2,39.1,0.5,0.75,6.91,9.77,0.88,22.06,0.63,19.61,3.13,0.72,0.16,0.83,0.1,0.16,0.26
1333SCN,158,41,110,41,297,50,148,50,0.5,0.34,0.26,0.08,0.24,0.34,158,33,43.3,38.7,0.53,0.76,6.48,9.17,0.89,22.31,0.74,20.63,3.21,0.74,0.19,0.78,0.14,0.14,0.27
1335SCN,108,26,73,26,240,35,116,35,0.48,0.3,0.24,0.11,0.32,0.4,108,38,38,35.6,0.45,0.73,4.93,6.97,0.85,16.34,0.64,11.57,2.41,0.63,0.16,0.69,0.07,0.13,0.2
1336SCN,193,46,142,45,378,56,199,55,0.53,0.28,0.24,0.04,0.09,0.21,193,35,42.1,39.6,0.51,0.79,7.02,9.93,0.89,22.76,0.64,18.69,3.06,0.71,0.15,0.84,0.13,0.13,0.26
1337SCN,65,15,45,15,109,18,61,18,0.56,0.3,0.23,0.2,0.4,0.45,65,37,36.4,36.9,0.6,0.76,4.4,6.23,0.89,18.49,0.9,8.1,2.01,0.74,0.15,0.77,0.08,0.03,0.11
1338SCN,67,15,45,15,101,17,54,17,0.53,0.31,0.22,0.17,0.33,0.41,67,34,39.6,36.2,0.66,0.74,4.71,6.67,0.91,22.54,0.75,6.75,1.84,0.83,0.17,0.88,0.17,0.07,0.24
1339SCN,111,20,71,20,217,25,100,25,0.46,0.25,0.18,0.07,0.14,0.26,111,37,36.8,36.6,0.51,0.76,5.33,7.54,0.88,18.75,0.76,16.69,2.89,0.71,0.22,0.69,0.08,0.1,0.18
1340SCN,201,48,149,48,409,58,214,58,0.52,0.27,0.24,0.03,0.07,0.19,201,37,41.7,36.9,0.49,0.79,7.03,9.94,0.88,22.11,0.59,19.93,3.16,0.7,0.16,0.78,0.1,0.16,0.26
1344SCN,189,36,139,36,364,45,184,44,0.51,0.24,0.19,0.07,0.23,0.34,189,34,40.9,39.7,0.52,0.78,7,9.91,0.89,23.04,0.8,25.6,3.58,0.76,0.17,0.84,0.12,0.17,0.29
1346SCN,107,24,72,23,198,27,93,26,0.47,0.28,0.22,0.17,0.5,0.5,107,38,37.1,36,0.54,0.73,5.38,7.6,0.88,19.73,0.89,14.22,2.67,0.77,0.17,0.76,0.09,0.19,0.28
1347SCN,118,19,78,18,242,25,113,24,0.47,0.21,0.16,0,0,0,118,39,36.9,36,0.49,0.76,5.36,7.59,0.87,18.22,0.68,11.56,2.4,0.69,0.15,0.67,0.09,0.11,0.19
1348SCN,123,22,91,21,281,26,153,25,0.54,0.16,0.18,0.03,0.03,0.12,123,35,39.1,34.2,0.44,0.72,5.19,7.34,0.85,16.71,0.59,13.08,2.56,0.59,0.14,0.77,0.07,0.11,0.18
1349SCN,81,12,52,12,126,14,66,14,0.52,0.21,0.15,0.07,0.07,0.19,81,39,40.1,38.2,0.64,0.78,5.1,7.22,0.91,22.99,0.86,10.29,2.27,0.79,0.18,0.76,0.11,0.18,0.29
1350SCN,87,16,59,16,179,20,82,20,0.46,0.24,0.18,0.08,0.17,0.29,87,35,34.8,34.6,0.49,0.71,4.6,6.5,0.86,16.2,0.62,9.38,2.17,0.72,0.18,0.79,0.06,0.12,0.18
1351SCN,192,44,141,43,370,50,174,49,0.47,0.28,0.23,0.02,0.02,0.11,192,35,40.5,38.6,0.52,0.8,7.06,9.98,0.89,23.15,0.8,26.56,3.64,0.81,0.19,0.82,0.14,0.16,0.3
1354SCN,174,36,122,35,329,47,152,44,0.46,0.29,0.21,0.03,0.03,0.12,174,40,42,38.7,0.53,0.77,6.78,9.59,0.89,22.9,0.78,21.78,3.3,0.8,0.18,0.83,0.13,0.16,0.29
1355SCN,136,28,90,28,215,30,102,30,0.47,0.29,0.21,0.04,0.04,0.14,136,41,42,42.1,0.63,0.87,6.56,9.28,0.91,27.35,0.92,22.15,3.33,0.88,0.24,0.88,0.18,0.15,0.32
1359SCN,164,40,121,40,281,51,150,51,0.53,0.34,0.24,0.03,0.03,0.13,164,37,41.7,38.6,0.58,0.78,6.92,9.78,0.9,25.64,0.83,19.86,3.15,0.81,0.16,0.81,0.11,0.17,0.28
1360SCN,208,45,156,44,612,58,278,57,0.45,0.21,0.22,0.08,0.5,0.5,208,40,37.7,34.7,0.34,0.72,5.95,8.41,0.83,16.57,0.57,23.35,3.42,0.56,0.15,0.65,0.08,0.11,0.19
1361SCN,190,28,135,28,416,34,221,34,0.53,0.15,0.15,0.02,0.02,0.1,190,37,40.1,35.8,0.46,0.75,6.59,9.32,0.87,20.16,0.6,18.48,3.04,0.61,0.14,0.61,0.12,0.15,0.28
1364SCN,192,39,140,38,514,53,250,52,0.49,0.21,0.2,0.13,1.03,0.72,192,38,37.3,36.5,0.37,0.73,5.99,8.47,0.84,17.18,0.58,20.9,3.23,0.56,0.14,0.58,0.09,0.09,0.18
1366SCN,142,30,99,30,228,33,122,33,0.54,0.27,0.21,0.06,0.12,0.25,142,35,43.3,43.4,0.62,0.8,6.65,9.4,0.91,27.04,0.81,21.12,3.25,0.81,0.21,0.8,0.15,0.16,0.31
1367SCN,122,20,90,20,253,29,125,29,0.49,0.23,0.16,0.04,0.04,0.13,122,39,38.3,35.9,0.48,0.75,5.42,7.67,0.87,18.23,0.82,18.89,3.07,0.72,0.18,0.69,0.1,0.13,0.23
1370SCN,336,73,258,73,1013,89,488,89,0.48,0.18,0.22,0.06,0.4,0.45,336,37,40.8,37.4,0.33,0.73,7.46,10.56,0.84,18.85,0.46,26.41,3.63,0.53,0.12,0.62,0.08,0.09,0.17
1373SCN,161,37,117,36,279,42,143,40,0.51,0.28,0.23,0,0,0,161,39,41.7,40.1,0.58,0.8,6.82,9.64,0.9,25.05,0.73,17.45,2.95,0.82,0.17,0.88,0.15,0.15,0.3
1374SCN,229,53,163,50,504,76,236,60,0.47,0.25,0.23,0.06,0.26,0.36,229,41,41.4,40.4,0.45,0.79,7.21,10.2,0.87,21.32,0.66,27.11,3.68,0.69,0.17,0.77,0.11,0.14,0.25
1375SCN,143,31,99,30,228,36,122,35,0.54,0.29,0.22,0.07,0.14,0.27,143,37,41.6,42.4,0.63,0.83,6.7,9.47,0.91,27.44,0.86,20.57,3.21,0.81,0.2,0.81,0.14,0.18,0.32
1376SCN,141,30,101,30,337,47,167,47,0.5,0.28,0.21,0.09,0.37,0.43,141,40,37.9,37.5,0.42,0.74,5.43,7.68,0.85,16.88,0.67,19.56,3.13,0.6,0.17,0.64,0.1,0.11,0.21
1378SCN,180,37,128,37,322,40,161,40,0.5,0.25,0.21,0.06,0.11,0.24,180,36,43.6,41.1,0.56,0.82,7.09,10.03,0.9,24.9,0.83,25,3.54,0.8,0.19,0.83,0.13,0.19,0.32
1382SCN,142,24,94,23,225,29,109,27,0.48,0.25,0.17,0,0,0,142,38,41.9,40.3,0.63,0.81,6.69,9.47,0.92,27.68,0.89,21.33,3.27,0.86,0.22,0.88,0.15,0.17,0.32
1384SCN,174,45,129,45,487,59,214,55,0.44,0.26,0.26,0.11,0.64,0.57,174,36,38.6,35.7,0.36,0.7,5.58,7.88,0.83,16.16,0.57,18.29,3.02,0.6,0.15,0.67,0.09,0.12,0.21
1387SCN,205,40,151,40,414,48,216,48,0.52,0.22,0.2,0,0,0,205,38,41.3,40.3,0.5,0.8,7.12,10.08,0.88,22.44,0.75,24.75,3.52,0.7,0.15,0.71,0.11,0.15,0.26
1388SCN,77,13,48,13,129,14,55,14,0.43,0.25,0.17,0,0,0,77,39,38.4,35.2,0.6,0.71,4.79,6.78,0.89,19.88,0.88,12.25,2.47,0.87,0.25,0.91,0.07,0.2,0.27
1391SCN,148,27,103,25,406,37,186,35,0.46,0.19,0.18,0.02,0.02,0.09,148,34,38,32.7,0.36,0.68,5.19,7.35,0.83,15.53,0.55,18.65,3.05,0.55,0.18,0.64,0.08,0.11,0.19
1392SCN,71,5,41,5,161,8,81,8,0.5,0.1,0.07,0,0,0,71,26,34.4,31.9,0.44,0.59,3.96,5.6,0.84,13.7,0.48,5.76,1.7,0.51,0.15,0.44,0.07,0.14,0.21
1396SCN,253,76,192,76,571,92,271,92,0.47,0.34,0.3,0.18,2.35,1.08,253,36,39.4,37.6,0.44,0.75,7.49,10.59,0.87,21.5,0.65,30.68,3.92,0.71,0.17,0.75,0.12,0.13,0.25
1397SCN,188,41,138,41,335,49,167,49,0.5,0.29,0.22,0.03,0.03,0.12,188,38,41.8,38.6,0.56,0.77,7.26,10.27,0.9,25.41,0.89,27.46,3.71,0.83,0.19,0.84,0.14,0.17,0.31
1398SCN,271,61,208,59,771,110,381,91,0.49,0.24,0.23,0.08,0.54,0.52,271,41,39.1,36.4,0.35,0.73,6.9,9.76,0.84,18.36,0.64,36.97,4.3,0.55,0.15,0.57,0.08,0.09,0.18
1401SCN,220,49,163,46,502,80,253,63,0.5,0.25,0.22,0.05,0.15,0.27,220,37,41.8,38,0.44,0.76,6.94,9.82,0.87,20.36,0.64,24.93,3.53,0.64,0.15,0.67,0.13,0.13,0.26
1402SCN,198,44,143,44,367,47,185,47,0.5,0.25,0.22,0.14,0.82,0.64,198,39,41.2,41.2,0.54,0.79,7.31,10.34,0.9,24.54,0.7,21.84,3.3,0.77,0.17,0.88,0.12,0.19,0.32
1403SCN,96,24,61,24,186,31,88,31,0.47,0.35,0.25,0.15,0.45,0.47,96,32,37.8,36.1,0.52,0.69,4.98,7.04,0.87,17.93,0.75,11.25,2.37,0.69,0.17,0.72,0.09,0.11,0.2
1404SCN,153,39,106,39,251,45,126,45,0.5,0.36,0.25,0.07,0.15,0.27,153,34,41.9,40.7,0.61,0.8,6.83,9.66,0.91,26.79,0.89,21.33,3.27,0.84,0.19,0.8,0.13,0.17,0.31
1407SCN,136,27,93,26,313,34,143,32,0.46,0.22,0.2,0.13,0.91,0.67,136,34,35.6,34.5,0.43,0.72,5.44,7.69,0.85,17.2,0.54,15.57,2.79,0.65,0.2,0.69,0.08,0.1,0.19
1410SCN,212,49,158,47,471,59,228,57,0.48,0.25,0.23,0.07,0.29,0.38,212,38,39.2,41,0.45,0.77,6.91,9.77,0.87,20.61,0.65,23.56,3.43,0.69,0.16,0.75,0.12,0.12,0.24
1411SCN,143,27,100,27,248,34,127,33,0.51,0.26,0.19,0.03,0.03,0.12,143,36,40.9,39.8,0.58,0.79,6.42,9.08,0.9,23.98,0.79,20.48,3.2,0.79,0.2,0.89,0.13,0.15,0.28
1416SCN,132,21,95,21,223,23,121,23,0.54,0.19,0.16,0,0,0,132,37,41.6,40.9,0.59,0.8,6.25,8.84,0.9,24.22,0.81,16.96,2.91,0.79,0.17,0.91,0.17,0.21,0.38
1417SCN,180,39,126,37,395,51,187,48,0.47,0.26,0.22,0.06,0.17,0.29,180,35,40.2,36.7,0.46,0.74,6.4,9.06,0.87,19.75,0.59,18.96,3.08,0.67,0.17,0.75,0.11,0.12,0.24
1419SCN,211,42,152,41,529,54,240,53,0.45,0.22,0.2,0.01,0.01,0.08,211,38,39.9,35,0.4,0.75,6.49,9.17,0.85,18.58,0.57,24.33,3.49,0.63,0.18,0.78,0.1,0.13,0.23
1422SCN,146,34,104,34,289,45,152,45,0.53,0.3,0.23,0.08,0.24,0.34,146,31,39.8,36.3,0.51,0.72,6.07,8.59,0.88,20.42,0.68,17.79,2.98,0.68,0.17,0.71,0.12,0.16,0.28
1423SCN,101,19,62,18,186,24,78,22,0.42,0.28,0.19,0.06,0.06,0.17,101,37,37.5,36.9,0.54,0.73,5.24,7.41,0.88,19.42,0.94,15.06,2.74,0.79,0.21,0.84,0.05,0.15,0.21
1426SCN,167,33,117,33,311,39,154,39,0.5,0.25,0.2,0.05,0.1,0.22,167,37,40.7,37.5,0.54,0.78,6.7,9.47,0.89,23.01,0.78,24.98,3.53,0.76,0.21,0.8,0.12,0.16,0.28
1431SCN,165,31,117,31,334,36,162,36,0.49,0.22,0.19,0,0,0,165,30,40.4,36.1,0.49,0.72,6.38,9.03,0.88,20.8,0.58,17.31,2.94,0.72,0.19,0.78,0.12,0.15,0.27
1432SCN,159,40,111,39,273,44,133,43,0.49,0.32,0.25,0.09,0.26,0.36,159,31,42.8,39.7,0.58,0.81,6.8,9.62,0.9,25.28,0.82,23.06,3.4,0.83,0.21,0.85,0.14,0.17,0.31
1434SCN,145,27,102,27,244,33,130,33,0.53,0.25,0.19,0,0,0,145,32,41,40,0.59,0.74,6.56,9.28,0.91,25.22,0.8,19.2,3.1,0.78,0.18,0.76,0.12,0.17,0.28
1436SCN,175,39,127,39,317,47,159,46,0.5,0.29,0.22,0.05,0.1,0.22,175,31,43.1,39.6,0.55,0.75,6.95,9.83,0.9,24.24,0.78,24.02,3.47,0.8,0.19,0.85,0.14,0.19,0.33
1439SCN,177,36,130,36,325,40,166,40,0.51,0.24,0.2,0,0,0,177,34,40.8,38.4,0.54,0.8,6.94,9.82,0.89,23.91,0.67,19.56,3.13,0.78,0.17,0.9,0.16,0.15,0.31
1441SCN,178,40,127,39,317,43,158,42,0.5,0.27,0.22,0.05,0.11,0.23,178,36,41.2,40.5,0.56,0.82,7.07,10,0.9,24.96,0.74,20.63,3.21,0.8,0.18,0.9,0.11,0.19,0.3
1442SCN,140,29,97,26,362,68,165,51,0.46,0.31,0.21,0,0,0,140,36,39.1,37,0.39,0.7,5.2,7.36,0.84,15.87,0.59,15.36,2.77,0.59,0.16,0.57,0.07,0.11,0.18
1445SCN,133,32,93,32,197,36,103,36,0.52,0.35,0.24,0.05,0.05,0.16,133,34,42.3,41.3,0.68,0.8,6.7,9.48,0.93,30.86,0.95,17.05,2.92,0.9,0.17,0.89,0.17,0.17,0.35
1446SCN,151,29,103,29,250,33,130,33,0.52,0.25,0.19,0,0,0,151,43,41.2,40.2,0.6,0.83,6.75,9.55,0.91,26.26,0.74,17.06,2.92,0.79,0.18,0.83,0.12,0.19,0.31
1447SCN,209,47,154,44,460,79,238,60,0.52,0.25,0.22,0.09,0.44,0.47,209,39,42.7,39,0.45,0.79,6.89,9.74,0.87,20.69,0.74,30.95,3.93,0.65,0.18,0.67,0.12,0.12,0.24
1448SCN,140,35,98,35,216,39,113,38,0.52,0.34,0.25,0.12,0.35,0.42,140,41,43,43.2,0.65,0.85,6.74,9.53,0.92,28.94,0.85,18.62,3.05,0.87,0.19,0.9,0.16,0.17,0.33
1450SCN,133,28,88,27,282,32,132,31,0.47,0.23,0.21,0.07,0.15,0.27,133,38,39.2,36.7,0.47,0.76,5.6,7.92,0.87,18.39,0.7,13.37,2.59,0.67,0.14,0.72,0.11,0.14,0.24
1451SCN,115,28,80,28,237,31,114,31,0.48,0.27,0.24,0.08,0.24,0.35,115,36,38.6,36,0.49,0.72,5.28,7.47,0.87,17.96,0.57,11.92,2.44,0.7,0.18,0.76,0.09,0.11,0.19
1452SCN,164,34,117,33,300,38,145,37,0.48,0.26,0.21,0.1,0.38,0.44,164,37,39.8,40.2,0.55,0.75,6.7,9.47,0.89,23.4,0.69,20.02,3.16,0.81,0.2,0.84,0.12,0.17,0.3
1457SCN,156,30,113,30,388,37,194,37,0.5,0.19,0.19,0.1,0.4,0.45,156,34,37.2,33.9,0.4,0.69,5.6,7.92,0.85,16.94,0.62,15.62,2.8,0.58,0.13,0.62,0.11,0.14,0.25
1458SCN,203,41,152,41,417,52,204,52,0.49,0.25,0.2,0.07,0.2,0.32,203,42,40.5,36.4,0.49,0.77,7.03,9.94,0.88,21.96,0.76,25.69,3.58,0.75,0.17,0.83,0.14,0.17,0.3
1460SCN,154,32,109,32,270,36,131,36,0.49,0.27,0.21,0.06,0.12,0.24,154,34,42.2,43,0.57,0.79,6.63,9.37,0.9,24.24,0.82,23.06,3.4,0.83,0.21,0.84,0.13,0.18,0.31
1462SCN,85,19,53,19,163,28,73,26,0.45,0.36,0.22,0,0,0,85,35,37,35.3,0.52,0.71,4.71,6.66,0.87,17.31,0.67,8,2,0.73,0.16,0.78,0.04,0.12,0.16
1464SCN,188,42,131,41,399,53,188,52,0.47,0.28,0.22,0.07,0.2,0.32,188,34,39.7,38.3,0.47,0.75,6.66,9.41,0.87,20.7,0.76,25.69,3.58,0.7,0.18,0.68,0.12,0.15,0.27
1465SCN,191,42,141,42,381,52,190,52,0.5,0.27,0.22,0,0,0,191,36,40.9,39.5,0.5,0.79,6.92,9.79,0.88,22.21,0.76,27.94,3.74,0.74,0.19,0.77,0.14,0.17,0.31
1467SCN,244,49,190,47,667,86,328,62,0.49,0.19,0.2,0.01,0.01,0.09,244,38,40.4,38.6,0.37,0.76,6.68,9.45,0.85,18.26,0.65,29.35,3.83,0.58,0.14,0.58,0.12,0.12,0.24
1472SCN,260,54,186,53,666,78,310,77,0.47,0.25,0.21,0.01,0.01,0.08,260,32,40.9,36.8,0.39,0.72,7.12,10.07,0.86,19.52,0.57,26.12,3.61,0.6,0.15,0.63,0.12,0.13,0.25
1475SCN,180,26,126,26,342,31,164,31,0.48,0.19,0.14,0.05,0.1,0.23,180,38,40.5,39.7,0.53,0.78,6.88,9.73,0.89,23.04,0.79,24.64,3.51,0.77,0.19,0.75,0.13,0.18,0.31
1478SCN,218,51,157,49,485,63,223,61,0.46,0.27,0.23,0.05,0.16,0.28,218,34,40.9,37.7,0.45,0.76,7,9.9,0.87,20.77,0.66,24.9,3.53,0.7,0.17,0.76,0.09,0.17,0.26
1479SCN,60,12,37,12,84,14,47,14,0.56,0.3,0.2,0,0,0,60,40,39.4,38.8,0.71,0.8,4.63,6.55,0.92,25.34,1,3,1.22,0.79,0.06,0.79,0.17,0.11,0.28
1480SCN,144,30,97,30,243,35,120,35,0.49,0.29,0.21,0.08,0.17,0.29,144,33,43.3,40.6,0.59,0.78,6.53,9.24,0.9,25.04,0.88,18.38,3.03,0.81,0.17,0.74,0.16,0.15,0.31
1481SCN,193,32,139,30,627,41,259,39,0.41,0.15,0.17,0,0,0,193,37,35.9,34.1,0.31,0.69,5.45,7.71,0.82,15.29,0.62,19.69,3.14,0.54,0.12,0.57,0.07,0.13,0.2
1482SCN,218,43,158,41,569,89,277,67,0.49,0.24,0.2,0.02,0.02,0.09,218,37,41.5,38,0.38,0.76,6.46,9.14,0.85,18.22,0.55,19.14,3.09,0.57,0.13,0.59,0.1,0.13,0.23
1484SCN,153,30,109,29,295,38,158,37,0.54,0.23,0.2,0,0,0,153,38,41.1,38.5,0.52,0.79,6.3,8.91,0.88,21.39,0.64,13.36,2.58,0.69,0.13,0.78,0.11,0.15,0.26
1485SCN,155,27,113,27,323,32,168,31,0.52,0.18,0.17,0.06,0.19,0.31,155,43,37.8,38.7,0.48,0.77,6.1,8.62,0.87,19.74,0.65,20.02,3.16,0.67,0.18,0.68,0.08,0.14,0.23
1489SCN,149,30,107,30,253,36,132,36,0.52,0.27,0.2,0.03,0.03,0.12,149,37,42,42.9,0.59,0.8,6.62,9.37,0.9,25.12,0.81,21.12,3.25,0.81,0.2,0.84,0.13,0.15,0.28
1493SCN,131,21,90,21,273,30,139,29,0.51,0.21,0.16,0.07,0.13,0.26,131,41,38.6,36.4,0.48,0.71,5.61,7.93,0.87,18.61,0.67,13.33,2.58,0.65,0.14,0.75,0.08,0.17,0.24
1494SCN,214,46,159,44,505,63,235,60,0.47,0.26,0.21,0.11,0.8,0.63,214,37,39.3,36.8,0.42,0.76,6.73,9.52,0.86,19.6,0.72,31.74,3.98,0.68,0.19,0.75,0.08,0.13,0.2
1495SCN,193,35,141,35,368,44,180,44,0.49,0.24,0.18,0.02,0.02,0.1,193,34,40.5,41,0.52,0.77,7.11,10.06,0.89,23.49,0.71,25.41,3.56,0.78,0.2,0.78,0.14,0.16,0.31
1496SCN,175,38,130,38,343,44,167,44,0.49,0.26,0.22,0.02,0.02,0.11,175,41,40.6,38,0.51,0.8,6.68,9.45,0.88,21.99,0.81,28.49,3.77,0.78,0.21,0.78,0.11,0.16,0.27
1503SCN,120,19,82,19,270,26,122,24,0.45,0.2,0.16,0.06,0.11,0.24,120,34,37.2,35.4,0.44,0.68,5.16,7.3,0.86,16.79,0.78,21.78,3.3,0.67,0.23,0.67,0.06,0.13,0.19
1507SCN,106,22,70,22,259,32,122,32,0.47,0.26,0.21,0,0,0,106,38,35.3,33,0.41,0.69,4.66,6.59,0.84,15.01,0.64,8.91,2.11,0.57,0.11,0.57,0.11,0.08,0.2
1508SCN,239,62,183,60,501,92,252,82,0.5,0.33,0.26,0.02,0.02,0.09,239,38,41.8,39.4,0.48,0.76,7.55,10.68,0.88,22.68,0.68,25.79,3.59,0.73,0.15,0.69,0.15,0.11,0.25
1517SCN,194,38,141,38,380,52,189,52,0.5,0.28,0.2,0.05,0.1,0.22,194,31,40.6,39.3,0.51,0.75,7.04,9.95,0.89,22.79,0.8,25.6,3.58,0.75,0.17,0.7,0.14,0.14,0.28
1526SCN,98,17,69,16,193,20,97,19,0.5,0.2,0.17,0.11,0.21,0.32,98,34,36.7,35.8,0.51,0.73,4.99,7.05,0.87,17.75,0.63,7.58,1.95,0.71,0.12,0.74,0.12,0.12,0.25
1527SCN,151,27,110,27,260,32,131,30,0.5,0.23,0.18,0.03,0.03,0.13,151,38,43.3,39.3,0.58,0.8,6.62,9.36,0.9,24.71,0.81,20.16,3.18,0.84,0.19,0.88,0.19,0.19,0.38
1528SCN,207,52,155,51,409,62,203,59,0.5,0.29,0.25,0.1,0.39,0.44,207,41,41.3,39.4,0.51,0.79,7.24,10.24,0.89,23.06,0.85,29.88,3.87,0.76,0.17,0.83,0.13,0.15,0.28
1535SCN,87,16,55,16,165,19,77,19,0.47,0.25,0.18,0.05,0.05,0.16,87,37,38.4,36.1,0.53,0.73,4.79,6.77,0.87,17.69,0.74,10.32,2.27,0.71,0.18,0.76,0.05,0.14,0.19
1536SCN,204,41,153,40,412,54,212,53,0.51,0.25,0.2,0.07,0.29,0.38,204,36,41.1,38.6,0.5,0.79,7.11,10.05,0.88,22.4,0.65,23.56,3.43,0.72,0.17,0.72,0.12,0.13,0.25
1540SCN,92,14,65,14,230,19,107,19,0.47,0.18,0.15,0.04,0.04,0.15,92,36,35.2,34.8,0.4,0.71,4.29,6.07,0.83,14.02,0.7,11.13,2.36,0.61,0.15,0.58,0.11,0.15,0.26
1541SCN,188,39,134,39,354,46,161,46,0.45,0.29,0.21,0.05,0.11,0.23,188,43,39.6,39,0.53,0.81,7.07,9.99,0.89,23.64,0.82,25.29,3.56,0.83,0.19,0.86,0.12,0.15,0.27
1543SCN,212,43,153,40,485,54,221,46,0.46,0.21,0.2,0.03,0.06,0.18,212,39,40.9,35.8,0.44,0.75,6.81,9.63,0.87,20.07,0.55,19.14,3.09,0.69,0.16,0.78,0.1,0.16,0.26
1544SCN,128,28,93,28,213,34,121,34,0.57,0.28,0.22,0,0,0,128,34,41.6,40.8,0.6,0.79,6.2,8.77,0.91,24.51,0.78,10.89,2.33,0.77,0.12,0.8,0.17,0.1,0.26
1547SCN,255,58,191,56,634,75,274,73,0.43,0.27,0.23,0.12,0.83,0.64,255,41,38.7,35.9,0.4,0.74,7.16,10.13,0.86,19.85,0.75,32.81,4.05,0.7,0.16,0.65,0.12,0.11,0.23
1549SCN,109,13,67,12,204,15,91,14,0.45,0.15,0.12,0.04,0.04,0.14,109,37,40,39.2,0.53,0.79,5.4,7.63,0.88,19.6,0.77,15.38,2.77,0.74,0.22,0.82,0.09,0.18,0.26
1551SCN,153,24,97,22,368,40,177,37,0.48,0.21,0.16,0.09,0.26,0.36,153,37,38.3,37.5,0.42,0.73,5.64,7.98,0.85,17.27,0.71,16.94,2.91,0.55,0.14,0.57,0.1,0.14,0.23
1556SCN,188,39,135,37,372,51,193,49,0.52,0.25,0.21,0,0,0,188,27,40.9,39.2,0.51,0.74,6.89,9.75,0.88,22.29,0.68,19.12,3.09,0.7,0.15,0.77,0.1,0.19,0.29
1559SCN,151,34,109,33,357,49,180,48,0.5,0.27,0.23,0.07,0.28,0.37,151,40,37.6,36.4,0.42,0.72,5.65,7.99,0.85,17.44,0.63,22.74,3.37,0.61,0.2,0.61,0.08,0.11,0.19
1563SCN,44,7,27,7,66,9,33,9,0.5,0.27,0.16,0.1,0.1,0.22,44,35,35.6,35.6,0.67,0.7,3.83,5.42,0.9,18.8,0.8,6.4,1.79,0.82,0.24,0.8,0.12,0.12,0.24
1566SCN,110,31,78,30,195,35,88,33,0.45,0.38,0.28,0,0,0,110,40,38.5,38.3,0.56,0.77,5.57,7.88,0.89,21.09,0.93,12.07,2.46,0.89,0.15,0.89,0.16,0.15,0.31
1569SCN,178,30,128,30,315,36,151,35,0.48,0.23,0.17,0.03,0.03,0.11,178,38,42.4,39.3,0.57,0.79,7.09,10.03,0.9,25.18,0.82,26.26,3.62,0.85,0.21,0.85,0.13,0.17,0.3
1573SCN,189,45,136,43,376,60,201,58,0.53,0.29,0.24,0.02,0.02,0.11,189,30,41.2,39.9,0.5,0.76,6.89,9.75,0.88,22.2,0.68,20.45,3.2,0.68,0.15,0.72,0.11,0.17,0.28
1577SCN,162,41,117,40,319,48,150,46,0.47,0.31,0.25,0.05,0.1,0.23,162,30,38.9,38,0.51,0.76,6.41,9.07,0.88,21.3,0.67,17.33,2.94,0.78,0.17,0.82,0.12,0.21,0.33
1580SCN,188,31,133,30,382,40,180,38,0.47,0.21,0.16,0.03,0.03,0.11,188,34,41.1,36.2,0.49,0.74,6.8,9.62,0.88,21.65,0.85,28.9,3.8,0.74,0.19,0.76,0.12,0.16,0.27
1581SCN,151,28,99,27,348,45,154,43,0.44,0.28,0.19,0.03,0.03,0.12,151,38,38.7,35.8,0.43,0.71,5.72,8.09,0.86,17.81,0.59,11.76,2.43,0.64,0.13,0.67,0.08,0.18,0.26
1584SCN,154,35,108,33,268,40,130,38,0.49,0.29,0.23,0.08,0.24,0.35,154,38,42.4,37.3,0.57,0.78,6.65,9.41,0.9,24.5,0.73,19.7,3.14,0.83,0.21,0.87,0.14,0.14,0.28
1586SCN,201,41,143,41,413,51,202,49,0.49,0.24,0.2,0,0,0,201,30,41.3,39.3,0.49,0.76,6.99,9.89,0.88,21.88,0.66,23.11,3.4,0.71,0.17,0.81,0.11,0.14,0.25
1588SCN,149,35,108,35,241,43,129,41,0.54,0.32,0.23,0.08,0.15,0.28,149,35,41.3,42.3,0.62,0.8,6.79,9.6,0.91,27.17,0.88,20.35,3.19,0.84,0.18,0.76,0.18,0.15,0.33
1594SCN,119,27,80,26,181,32,95,30,0.52,0.32,0.23,0.05,0.05,0.16,119,36,43.1,42,0.66,0.8,6.25,8.85,0.92,27.99,0.84,13.47,2.6,0.84,0.17,0.86,0.19,0.19,0.38
1597SCN,277,58,203,57,711,85,332,84,0.47,0.25,0.21,0.07,0.44,0.47,277,38,41,37.8,0.39,0.77,7.35,10.39,0.86,19.87,0.63,32.11,4.01,0.61,0.15,0.58,0.11,0.11,0.23
1603SCN,220,52,162,52,454,61,223,61,0.49,0.27,0.24,0.05,0.14,0.26,220,37,40,38.7,0.48,0.76,7.3,10.33,0.88,22.44,0.63,25.86,3.6,0.73,0.18,0.8,0.1,0.13,0.24
1604SCN,197,38,143,36,419,55,198,53,0.47,0.27,0.19,0.02,0.02,0.1,197,36,40.3,34.4,0.47,0.75,6.81,9.62,0.88,20.98,0.77,30.77,3.92,0.72,0.2,0.73,0.1,0.16,0.26
1605SCN,144,33,102,32,232,45,129,43,0.56,0.33,0.23,0,0,0,144,41,41.4,40.1,0.62,0.76,6.69,9.45,0.91,27.02,0.78,16.33,2.86,0.79,0.16,0.76,0.12,0.2,0.33
1606SCN,177,37,128,36,322,47,166,46,0.52,0.28,0.21,0.06,0.11,0.24,177,34,41.9,37.8,0.55,0.76,6.97,9.86,0.9,24.2,0.77,20.83,3.23,0.77,0.16,0.74,0.11,0.16,0.27
1607SCN,200,42,146,42,421,58,196,58,0.47,0.3,0.21,0.11,0.56,0.53,200,36,40.1,38.5,0.48,0.77,6.89,9.75,0.88,21.3,0.82,30.42,3.9,0.74,0.19,0.75,0.1,0.15,0.25
1611SCN,183,39,131,38,339,56,173,52,0.51,0.3,0.21,0.15,1.02,0.71,183,33,43.2,41.1,0.54,0.78,7.03,9.94,0.89,23.91,0.79,30.08,3.88,0.76,0.22,0.7,0.11,0.2,0.31
1616SCN,238,51,173,50,538,76,277,74,0.51,0.27,0.21,0.05,0.16,0.28,238,38,41.5,38.2,0.44,0.78,7.26,10.26,0.87,21.05,0.67,25.33,3.56,0.62,0.14,0.62,0.11,0.13,0.24
1618SCN,138,30,94,30,361,47,153,46,0.42,0.3,0.22,0.07,0.21,0.32,138,38,35.1,33.8,0.38,0.67,5.14,7.26,0.84,15.66,0.6,15.72,2.8,0.61,0.17,0.59,0.09,0.08,0.18
1624SCN,181,39,132,39,309,41,160,41,0.52,0.26,0.22,0.03,0.03,0.12,181,39,41.7,39.5,0.59,0.81,7.28,10.3,0.91,26.69,0.83,24.03,3.47,0.82,0.18,0.88,0.12,0.16,0.29
1626SCN,179,41,127,40,321,48,155,47,0.48,0.3,0.23,0.05,0.1,0.22,179,38,40.9,40.7,0.56,0.8,7.06,9.99,0.9,24.77,0.8,25.6,3.58,0.82,0.21,0.81,0.11,0.17,0.28
1628SCN,180,28,122,26,359,39,167,36,0.47,0.22,0.16,0,0,0,180,40,41.7,40.2,0.5,0.79,6.72,9.5,0.88,21.77,0.74,20.63,3.21,0.73,0.17,0.78,0.1,0.17,0.27
1631SCN,143,28,102,28,224,31,119,31,0.53,0.26,0.2,0.03,0.03,0.13,143,37,42.1,39.8,0.64,0.78,6.76,9.55,0.92,28.34,0.83,20.83,3.23,0.86,0.21,0.86,0.15,0.19,0.34
1633SCN,197,38,141,37,426,41,198,40,0.46,0.2,0.19,0.03,0.07,0.19,197,32,40.7,35.5,0.46,0.75,6.75,9.54,0.87,20.64,0.59,19.93,3.16,0.71,0.17,0.85,0.11,0.18,0.28
2176SCN,198,55,149,54,378,63,195,61,0.52,0.31,0.28,0.08,0.23,0.34,198,35,41.1,39.4,0.52,0.79,7.2,10.18,0.89,23.66,0.79,24.64,3.51,0.76,0.16,0.82,0.11,0.16,0.28